company_name,stock_code,corp_code,fiscal_year,fs_div,status,매출액,영업이익,당기순이익,자산총계,부채총계,자본총계,업종구분
BGF리테일,282330,1263022,2022,CFS,ok,7577772992730.0,249222456102.0,190700182902.0,2857090833991.0,1925834120729.0,931256713262.0,비금융업
BGF리테일,282330,1263022,2023,CFS,ok,8131702452406.0,241386595896.0,184915364010.0,3125008335960.0,2091628141264.0,1033380194696.0,비금융업
BGF리테일,282330,1263022,2024,CFS,ok,8592135750579.0,230407886963.0,172762269376.0,3271137736943.0,2147818808661.0,1123318928282.0,비금융업
BYC,1460,122579,2022,CFS,ok,169680336869.0,25326353051.0,35286502037.0,668872026401.0,153134740019.0,515737286382.0,비금융업
BYC,1460,122579,2023,CFS,ok,168401523886.0,27498394275.0,23666593032.0,685663060325.0,150742490158.0,534920570167.0,비금융업
BYC,1460,122579,2024,CFS,ok,165207568941.0,23832906913.0,18404839494.0,696400955313.0,146993205799.0,549407749514.0,비금융업
CJ,1040,148540,2022,CFS,ok,40924879773000.0,2154201790000.0,686845690000.0,48240408307000.0,30506774819000.0,17733633488000.0,비금융업
CJ,1040,148540,2023,CFS,ok,41352688159000.0,2039057889000.0,524667990000.0,47203762893000.0,29310944319000.0,17892818574000.0,비금융업
CJ,1040,148540,2024,CFS,ok,43646656090000.0,2547483645000.0,151195776000.0,47496993224000.0,29750607288000.0,17746385936000.0,비금융업
CJ ENM,35760,265324,2022,CFS,ok,4792237788876.0,137375904912.0,-176815032777.0,10332246645583.0,5987918870682.0,4344327774901.0,비금융업
CJ ENM,35760,265324,2023,CFS,ok,4368360656512.0,-14600377588.0,-396774722680.0,9949859715419.0,5772095217523.0,4177764497896.0,비금융업
CJ ENM,35760,265324,2024,CFS,ok,5231360073502.0,104478244497.0,-580847429608.0,9316636930911.0,5638566211854.0,3678070719057.0,비금융업
CJ대한통운,120,113410,2022,CFS,ok,12130712862374.0,411786887242.0,196821784424.0,9693299818264.0,5658991479602.0,4034308338662.0,비금융업
CJ대한통운,120,113410,2023,CFS,ok,11767893663269.0,480234863157.0,242876054885.0,9357587266747.0,5314491023876.0,4043096242871.0,비금융업
CJ대한통운,120,113410,2024,CFS,ok,12116761147160.0,530663067133.0,268320297629.0,9743855522383.0,5518255667581.0,4225599854802.0,비금융업
CJ제일제당,97950,635134,2022,CFS,ok,30079513121000.0,1664708210000.0,802674084000.0,30013241845000.0,18484219204000.0,11529022641000.0,비금융업
CJ제일제당,97950,635134,2023,CFS,ok,29023472909000.0,1291582413000.0,559462096000.0,29606279551000.0,17826337301000.0,11779942250000.0,비금융업
CJ제일제당,97950,635134,2024,CFS,ok,29359081823000.0,1553017638000.0,361835555000.0,30149997467000.0,17907211781000.0,12242785686000.0,비금융업
CJ프레시웨이,51500,127954,2022,CFS,ok,2747691651727.0,97840086516.0,52243125151.0,1484726893096.0,1080671194761.0,404055698335.0,비금융업
CJ프레시웨이,51500,127954,2023,CFS,ok,3074242286759.0,99255535636.0,59700224939.0,1374744040154.0,1005243973827.0,369500066327.0,비금융업
CJ프레시웨이,51500,127954,2024,CFS,ok,3224779013185.0,94025267830.0,27405072378.0,1564362058881.0,1148980725062.0,415381333819.0,비금융업
CS홀딩스,590,149026,2022,CFS,ok,175266452048.0,15632045335.0,18788497648.0,364121570785.0,33693421213.0,330428149572.0,비금융업
CS홀딩스,590,149026,2023,CFS,ok,171965239524.0,19128717935.0,22145557927.0,383909710687.0,36702819606.0,347206891081.0,비금융업
CS홀딩스,590,149026,2024,CFS,ok,141950747269.0,22314081505.0,37853224906.0,412586797943.0,35090175721.0,377496622222.0,비금융업
DB하이텍,990,160843,2022,CFS,ok,1675287533666.0,768746685740.0,558836662217.0,2122700474808.0,484416396415.0,1638284078393.0,비금융업
DB하이텍,990,160843,2023,CFS,ok,1154223638940.0,265437456373.0,264149250979.0,2043378694132.0,303296256385.0,1740082437747.0,비금융업
DB하이텍,990,160843,2024,CFS,ok,1131167709804.0,190838683363.0,229385888355.0,2396851168578.0,396162364261.0,2000688804317.0,비금융업
DL,210,109693,2022,CFS,ok,5174950425108.0,287459456441.0,101846515303.0,12018993889708.0,7401228917375.0,4617764972333.0,비금융업
DL,210,109693,2023,CFS,ok,5017815821242.0,150696391721.0,-120978168525.0,12119563559885.0,7586162395568.0,4533401164317.0,비금융업
DL,210,109693,2024,CFS,ok,5615368498981.0,412518392958.0,94839002886.0,12535315407584.0,7749224680441.0,4786090727143.0,비금융업
GS글로벌,1250,138190,2022,CFS,ok,5070923117354.0,70467603982.0,68061370179.0,1419412958453.0,1012698524738.0,406714433715.0,비금융업
GS글로벌,1250,138190,2023,CFS,ok,3916492566786.0,76519058573.0,26078650864.0,1401098380370.0,953110256832.0,447988123538.0,비금융업
GS글로벌,1250,138190,2024,CFS,ok,4066493928000.0,77879797000.0,56067654000.0,1439641460000.0,872554135000.0,567087325000.0,비금융업
GS리테일,7070,140177,2022,CFS,ok,11226428523558.0,245131973064.0,47609804762.0,9832423124845.0,5412417744683.0,4420005380162.0,비금융업
GS리테일,7070,140177,2023,CFS,ok,11612547920738.0,393955339623.0,22147526377.0,10042015942614.0,5608276834883.0,4433739107731.0,비금융업
GS리테일,7070,140177,2024,CFS,ok,11626920274913.0,239104876913.0,9791708542.0,7581643378910.0,4400125241585.0,3181518137325.0,비금융업
HL D&I,14790,161116,2022,CFS,ok,1472088271680.0,52621392074.0,25099610222.0,1667421795499.0,1240232282310.0,427189513189.0,비금융업
HL D&I,14790,161116,2023,CFS,ok,1571977582483.0,50663745426.0,30678156227.0,1724300709671.0,1268702893325.0,455597816346.0,비금융업
HL D&I,14790,161116,2024,CFS,ok,1578826536286.0,57892143574.0,21400499991.0,1702996461973.0,1228285239092.0,474711222881.0,비금융업
JW중외제약,1060,149947,2022,CFS,ok,684351099249.0,62960870729.0,29852560173.0,627972755001.0,402213719428.0,225759035573.0,비금융업
JW중외제약,1060,149947,2023,CFS,ok,748526707817.0,100303770111.0,38430259560.0,645038796101.0,379598339300.0,265440456801.0,비금융업
JW중외제약,1060,149947,2024,CFS,ok,719375756340.0,82488136816.0,65040120873.0,604598517283.0,275111775158.0,329486742125.0,비금융업
KG케미칼,1390,101220,2022,CFS,ok,6607355088852.0,501083594243.0,952792172095.0,6981908974784.0,3741042484468.0,3240866490316.0,비금융업
KG케미칼,1390,101220,2023,CFS,ok,8933057023552.0,442583708062.0,350715471304.0,7818145771325.0,4181830349010.0,3636315422315.0,비금융업
KG케미칼,1390,101220,2024,CFS,ok,8863142439982.0,318801578803.0,228495720589.0,8160948249649.0,4386466503710.0,3774481745939.0,비금융업
KR모터스,40,112378,2022,CFS,ok,117058740510.0,-6234392973.0,-13001279643.0,149185245583.0,109161230426.0,40024015157.0,비금융업
KR모터스,40,112378,2023,CFS,ok,78406266627.0,-17856852211.0,-21026668952.0,138570416599.0,116165786012.0,22404630587.0,비금융업
KR모터스,40,112378,2024,CFS,ok,16024969823.0,-4937030424.0,-14222283251.0,85272527872.0,52629712095.0,32642815777.0,비금융업
LG화학,51910,356361,2022,CFS,ok,51864888000000.0,2995698000000.0,2195518000000.0,67973823000000.0,30492696000000.0,37481127000000.0,비금융업
LG화학,51910,356361,2023,CFS,ok,55249785000000.0,2529196000000.0,2053425000000.0,77466694000000.0,36528509000000.0,40938185000000.0,비금융업
LG화학,51910,356361,2024,CFS,ok,48916104000000.0,916798000000.0,515011000000.0,93857762000000.0,45862299000000.0,47995463000000.0,비금융업
LS네트웍스,680,104698,2022,CFS,ok,362911031595.0,8016374672.0,-2397223065.0,1300442455061.0,748565972243.0,551876482818.0,비금융업
LS네트웍스,680,104698,2023,CFS,ok,379631754364.0,11618277292.0,10704983628.0,1309219122467.0,745211525600.0,564007596867.0,비금융업
LS네트웍스,680,104698,2024,CFS,ok,1933813959649.0,25619240717.0,-31890828301.0,9601505118160.0,8670672911334.0,930832206826.0,비금융업
LX인터내셔널,1120,120076,2022,CFS,ok,18759549404034.0,965543470335.0,779310807894.0,7719007333629.0,4682532060717.0,3036475272912.0,비금융업
LX인터내셔널,1120,120076,2023,CFS,ok,14514349869122.0,433109594096.0,193358801940.0,7995340730864.0,4920385836841.0,3074954894023.0,비금융업
LX인터내셔널,1120,120076,2024,CFS,ok,16637572685167.0,489185373375.0,269491720840.0,8930865616216.0,5611254021107.0,3319611595109.0,비금융업
NAVER,35420,266961,2022,CFS,ok,8220078708810.0,1304664410543.0,673180300087.0,33899042889136.0,10448720408685.0,23450322480451.0,비금융업
NAVER,35420,266961,2023,CFS,ok,9670643576585.0,1488820269608.0,985017762493.0,35737826964395.0,11499828148842.0,24237998815553.0,비금융업
NAVER,35420,266961,2024,CFS,ok,10737719264647.0,1979263438827.0,1931976372953.0,38167876036020.0,11166964187683.0,27000911848337.0,비금융업
POSCO홀딩스,5490,155319,2022,CFS,ok,8589818952952.0,4850053015766.0,3560483538695.0,98406780635254.0,40149380046004.0,58257400589250.0,비금융업
POSCO홀딩스,5490,155319,2023,CFS,ok,77127197108585.0,3531422506439.0,1845849532200.0,100945394185079.0,41281496791611.0,59663897393468.0,비금융업
POSCO홀딩스,5490,155319,2024,CFS,ok,72688143160111.0,2173573272904.0,947580322052.0,103404198997805.0,41953831078121.0,61450367919684.0,비금융업
S-Oil,10950,138279,2022,CFS,ok,42446028000000.0,3405166000000.0,2104387000000.0,19613135000000.0,11129666000000.0,8483469000000.0,비금융업
S-Oil,10950,138279,2023,CFS,ok,35726694000000.0,1354582000000.0,948848000000.0,21576123000000.0,12538558000000.0,9037565000000.0,비금융업
S-Oil,10950,138279,2024,CFS,ok,36637031000000.0,422177000000.0,-193042000000.0,24451433000000.0,15755786000000.0,8695647000000.0,비금융업
SGC에너지,5090,125150,2022,CFS,ok,2823334065836.0,209400218379.0,148411627493.0,3054362176494.0,2187874937878.0,866487238616.0,비금융업
SGC에너지,5090,125150,2023,CFS,ok,3024051635225.0,106822963776.0,17169648910.0,2967510633959.0,2098714440145.0,868796193814.0,비금융업
SGC에너지,5090,125150,2024,CFS,ok,2354993052127.0,189611637907.0,35894883016.0,3436299886778.0,2548064349819.0,888235536959.0,비금융업
SG글로벌,1380,152039,2022,CFS,ok,67661514915.0,-1441946513.0,-2445648212.0,185935448420.0,64775255814.0,121160192606.0,비금융업
SG글로벌,1380,152039,2023,CFS,ok,96577221552.0,6606303384.0,20175100732.0,198246797314.0,57195063606.0,141051733708.0,비금융업
SG글로벌,1380,152039,2024,CFS,ok,99434870010.0,6154463640.0,6316098065.0,199881677024.0,50176243098.0,149705433926.0,비금융업
SK네트웍스,1740,131780,2022,CFS,ok,9666446000000.0,154211000000.0,90765000000.0,9499259000000.0,7048547000000.0,2450712000000.0,비금융업
SK네트웍스,1740,131780,2023,CFS,ok,9133867000000.0,237283000000.0,5459000000.0,9110359000000.0,6954518000000.0,2155841000000.0,비금융업
SK네트웍스,1740,131780,2024,CFS,ok,7657281000000.0,113915000000.0,46292000000.0,5157129000000.0,3103820000000.0,2053309000000.0,비금융업
SK이노베이션,96770,631518,2022,CFS,ok,78056939448000.0,3917340789000.0,1895179127000.0,67218924277000.0,43976612895000.0,23242311382000.0,비금융업
SK이노베이션,96770,631518,2023,CFS,ok,77288485864000.0,1903886320000.0,554894277000.0,80835513251000.0,50815545738000.0,30019967513000.0,비금융업
SK이노베이션,96770,631518,2024,CFS,ok,74716970174000.0,315488338000.0,-2372482956000.0,110530097549000.0,70881188555000.0,39648908994000.0,비금융업
SK하이닉스,660,164779,2022,CFS,ok,44621568000000.0,6809417000000.0,2241669000000.0,103871512000000.0,40580970000000.0,63290542000000.0,비금융업
SK하이닉스,660,164779,2023,CFS,ok,32765719000000.0,-7730313000000.0,-9137547000000.0,100330165000000.0,46826413000000.0,53503752000000.0,비금융업
SK하이닉스,660,164779,2024,CFS,ok,66192960000000.0,23467319000000.0,19796902000000.0,119855209000000.0,45939505000000.0,73915704000000.0,비금융업
SPC삼립,5610,125530,2022,CFS,ok,3314547280509.0,89513471496.0,53236796550.0,1295399585606.0,906290707171.0,389108878435.0,비금융업
SPC삼립,5610,125530,2023,CFS,ok,3433322296454.0,91734322533.0,50228465295.0,1293732304548.0,874719614690.0,419012689858.0,비금융업
SPC삼립,5610,125530,2024,CFS,ok,3427920218534.0,94968717963.0,86491702785.0,1240796531981.0,760966764852.0,479829767129.0,비금융업
가온전선,500,104768,2022,CFS,ok,1416454404337.0,28462568691.0,10463889335.0,752332445010.0,449261889191.0,303070555819.0,비금융업
가온전선,500,104768,2023,CFS,ok,1498606544413.0,43720038993.0,17898342263.0,801805532215.0,470794089215.0,331011443000.0,비금융업
가온전선,500,104768,2024,CFS,ok,1727103680000.0,45011778000.0,25355195000.0,1042884426000.0,589179383000.0,453705043000.0,비금융업
강남제비스코,860,100939,2022,CFS,ok,673166188482.0,4405118561.0,11666578220.0,957791314832.0,278945532072.0,678845782760.0,비금융업
강남제비스코,860,100939,2023,CFS,ok,638789180998.0,23167970906.0,21726050379.0,985686727233.0,293589356337.0,692097370896.0,비금융업
강남제비스코,860,100939,2024,CFS,ok,643137092555.0,20529999372.0,18123152497.0,969739160656.0,264762207818.0,704976952838.0,비금융업
경방,50,101628,2022,CFS,ok,389227582838.0,31895306272.0,4415249761.0,1248318313535.0,493309854178.0,755008459357.0,비금융업
경방,50,101628,2023,CFS,ok,393518958996.0,15968826403.0,-13452219151.0,1206860950940.0,468815407005.0,738045543935.0,비금융업
경방,50,101628,2024,CFS,ok,397276756397.0,33449462550.0,23594327570.0,1214347475924.0,454721013440.0,759626462484.0,비금융업
고려아연,10130,102858,2022,CFS,ok,11219358600107.0,919171130822.0,798264387415.0,12097918358974.0,2866186242426.0,9231732116548.0,비금융업
고려아연,10130,102858,2023,CFS,ok,9704521343024.0,659935424598.0,533378688122.0,12046071311650.0,2404068442780.0,9642002868870.0,비금융업
고려아연,10130,102858,2024,CFS,ok,12052918410249.0,723472208523.0,194781564506.0,14792322181548.0,7196894404555.0,7595427776993.0,비금융업
국보,1140,104519,2022,CFS,ok,102255056679.0,-14020928187.0,-24431930755.0,109959854401.0,66871513556.0,43088340845.0,비금융업
국보,1140,104519,2023,CFS,ok,47384485455.0,-12080295470.0,-31563058092.0,91419723256.0,62048919572.0,29370803684.0,비금융업
국보,1140,104519,2024,CFS,ok,40641437841.0,-7753996792.0,-27194991844.0,75396030106.0,65584592018.0,9811438088.0,비금융업
금호전기,1210,106395,2022,CFS,ok,46015093156.0,-11787966654.0,-16903661108.0,61814213952.0,48974883827.0,12839330125.0,비금융업
금호전기,1210,106395,2023,CFS,ok,53372993650.0,-8228668329.0,-18342317139.0,52905126549.0,45756810075.0,7148316474.0,비금융업
금호전기,1210,106395,2024,CFS,ok,53171559352.0,-4957267533.0,-13843864042.0,33341564828.0,24425699025.0,8915865803.0,비금융업
기아,270,106641,2022,CFS,ok,86559029000000.0,7233120000000.0,5408976000000.0,73710965000000.0,34367884000000.0,39343081000000.0,비금융업
기아,270,106641,2023,CFS,ok,99808420000000.0,11607873000000.0,8777817000000.0,80627826000000.0,34069591000000.0,46558235000000.0,비금융업
기아,270,106641,2024,CFS,ok,107448752000000.0,12667139000000.0,9775005000000.0,92755874000000.0,36915565000000.0,55840309000000.0,비금융업
깨끗한나라,4540,113492,2022,CFS,ok,606453743473.0,3754759313.0,-2908390769.0,661046979250.0,419699356872.0,241347622378.0,비금융업
깨끗한나라,4540,113492,2023,CFS,ok,514854128376.0,-18914851966.0,-30844136630.0,641522252002.0,429919829263.0,211602422739.0,비금융업
깨끗한나라,4540,113492,2024,CFS,ok,537049885546.0,-902193220.0,-22142799877.0,621077310491.0,430942361723.0,190134948768.0,비금융업
남광토건,1260,107066,2022,CFS,ok,450379452331.0,11115819532.0,19332575729.0,345922884373.0,238920806341.0,107002078032.0,비금융업
남광토건,1260,107066,2023,CFS,ok,547683547225.0,4346983076.0,5988599636.0,377327938424.0,264295801416.0,113032137008.0,비금융업
남광토건,1260,107066,2024,CFS,ok,504249000325.0,7304140896.0,6198754619.0,417033569966.0,297349706762.0,119683863204.0,비금융업
남양유업,3920,107598,2022,CFS,ok,964660006375.0,-86806775040.0,-78442348379.0,902259070497.0,164307809198.0,737951261299.0,비금융업
남양유업,3920,107598,2023,CFS,ok,996763358982.0,-72354443617.0,-67099919179.0,790678468255.0,112447509970.0,678230958285.0,비금융업
남양유업,3920,107598,2024,CFS,ok,952794199365.0,-9807235105.0,249980282.0,724193724088.0,92408003076.0,631785721012.0,비금융업
넥센타이어,2350,173874,2022,CFS,ok,2597424486492.0,-54253533449.0,-27505695404.0,3944336739608.0,2348104911877.0,1596231827731.0,비금융업
넥센타이어,2350,173874,2023,CFS,ok,2701720151279.0,186991098059.0,103115550054.0,4232661554569.0,2527778745177.0,1704882809392.0,비금융업
넥센타이어,2350,173874,2024,CFS,ok,2847925036412.0,172136969776.0,126718873995.0,4574474470953.0,2702865100532.0,1871609370421.0,비금융업
노루홀딩스,320,113508,2022,CFS,ok,1037899570197.0,29976023937.0,33390806659.0,1171989377978.0,511163923981.0,660825453997.0,비금융업
노루홀딩스,320,113508,2023,CFS,ok,1214616529837.0,67435854564.0,51679439985.0,1188823571530.0,495031925010.0,693791646520.0,비금융업
노루홀딩스,320,113508,2024,CFS,ok,1247877697168.0,72554697963.0,82067736372.0,1214838948245.0,442599207599.0,772239740646.0,비금융업
농심,4370,108241,2022,CFS,ok,3129065208087.0,112172856716.0,116033570018.0,3034718535547.0,719378356883.0,2315340178664.0,비금융업
농심,4370,108241,2023,CFS,ok,3410559367259.0,212064743455.0,171469224876.0,3234751426458.0,793949665281.0,2440801761177.0,비금융업
농심,4370,108241,2024,CFS,ok,3438730857998.0,163073931930.0,157630314203.0,3597461570702.0,924886441245.0,2672575129457.0,비금융업
대동,490,109286,2022,CFS,ok,1463737929724.0,88279120517.0,38470968608.0,1713773205581.0,1241782449283.0,471990756298.0,비금융업
대동,490,109286,2023,CFS,ok,1433390777280.0,65403445106.0,11919509695.0,1956376110942.0,1379316412077.0,577059698865.0,비금융업
대동,490,109286,2024,CFS,ok,1415582422216.0,18456574878.0,-45134481978.0,2132627316122.0,1531411970874.0,601215345248.0,비금융업
대상,1680,121941,2022,CFS,ok,4084090277577.0,139998990821.0,82218894929.0,3190196448368.0,1867569946984.0,1322626501384.0,비금융업
대상,1680,121941,2023,CFS,ok,4107493943805.0,123716647215.0,68563901324.0,3334370027478.0,1990623422846.0,1343746604632.0,비금융업
대상,1680,121941,2024,CFS,ok,4255134757567.0,176941145485.0,96688841815.0,3509835110048.0,2062236472429.0,1447598637619.0,비금융업
대원강업,430,111847,2022,CFS,ok,1024450498787.0,22056715849.0,23233915898.0,1010418825338.0,412406943010.0,598011882328.0,비금융업
대원강업,430,111847,2023,CFS,ok,1106756862193.0,59171860226.0,37786380416.0,1026303658490.0,408110668532.0,618192989958.0,비금융업
대원강업,430,111847,2024,CFS,ok,1367585047000.0,22564927000.0,31896742000.0,1302349327000.0,621334585000.0,681014742000.0,비금융업
대한방직,1070,112970,2022,CFS,ok,191519691272.0,-3886402441.0,-5230874590.0,210639557874.0,75392116742.0,135247441132.0,비금융업
대한방직,1070,112970,2023,CFS,ok,149403981153.0,-1812481976.0,-3671292616.0,180718514592.0,49782242505.0,130936272087.0,비금융업
대한방직,1070,112970,2024,CFS,ok,133909117274.0,2418669755.0,1115646565.0,185398515032.0,53060622616.0,132337892416.0,비금융업
대한전선,1440,113207,2022,CFS,ok,2450545975000.0,48173734000.0,21830706000.0,1620264871000.0,738060568000.0,882204303000.0,비금융업
대한전선,1440,113207,2023,CFS,ok,2843980012000.0,79823888000.0,71872998000.0,1878565100000.0,925279344000.0,953285756000.0,비금융업
대한전선,1440,113207,2024,CFS,ok,3291299375000.0,115169757000.0,74190402000.0,2642726208000.0,1146613736000.0,1496112472000.0,비금융업
대한제분,1130,113243,2022,CFS,ok,1368170051431.0,43274283090.0,41343753991.0,1318431898542.0,399078814703.0,919353083839.0,비금융업
대한제분,1130,113243,2023,CFS,ok,1441458547512.0,54859482247.0,81242498761.0,1401353854060.0,407391972243.0,993961881817.0,비금융업
대한제분,1130,113243,2024,CFS,ok,1374735359151.0,72306706525.0,48829120223.0,1560462376675.0,523130128106.0,1037332248569.0,비금융업
동국제강,1230,114792,2022,CFS,ok,8511126283083.0,743493091943.0,425456163404.0,6451247796882.0,3164636526811.0,3286611270071.0,비금융업
동국제강,1230,114792,2023,CFS,ok,1841113699327.0,60062636095.0,231577736410.0,2421648337449.0,644335386070.0,1777312951379.0,비금융업
동국제강,1230,114792,2024,CFS,ok,1999426088314.0,58003101705.0,19652546713.0,2509278276042.0,729676090365.0,1779602185677.0,비금융업
동아쏘시오홀딩스,640,116824,2022,CFS,ok,1014860897959.0,37854827137.0,7835195645.0,1731452067203.0,732791277454.0,998660789749.0,비금융업
동아쏘시오홀딩스,640,116824,2023,CFS,ok,1132002860400.0,76881723048.0,55863039721.0,1957106350366.0,929797048609.0,1027309301757.0,비금융업
동아쏘시오홀딩스,640,116824,2024,CFS,ok,1333229636666.0,82094664924.0,57573399359.0,2030483787016.0,966546316740.0,1063937470276.0,비금융업
동양,1520,117337,2022,CFS,ok,767681537593.0,7924864990.0,9954374483.0,983550240798.0,200018245461.0,783531995337.0,비금융업
동양,1520,117337,2023,CFS,ok,866327008521.0,26548625914.0,18191365663.0,1099649987596.0,311407795194.0,788242192402.0,비금융업
동양,1520,117337,2024,CFS,ok,750408346536.0,-920616899.0,-74230237505.0,1316088357178.0,610910330680.0,705178026498.0,비금융업
동진쎄미켐,5290,118804,2022,CFS,ok,1457214808307.0,216308703354.0,156195316180.0,1374303530098.0,673516166268.0,700787363830.0,비금융업
동진쎄미켐,5290,118804,2023,CFS,ok,1309924437990.0,176174316058.0,123534360586.0,1606588027004.0,771106380233.0,835481646771.0,비금융업
동진쎄미켐,5290,118804,2024,CFS,ok,1408144175958.0,208225729660.0,143484559745.0,2016989003189.0,996558402618.0,1020430600571.0,비금융업
동화약품,20,119195,2022,CFS,ok,340426327300.0,29915077882.0,21591210925.0,461136459052.0,82463208091.0,378673250961.0,비금융업
동화약품,20,119195,2023,CFS,ok,361108562008.0,18775880121.0,28237045586.0,564972408621.0,157916042874.0,407056365747.0,비금융업
동화약품,20,119195,2024,CFS,ok,464874735245.0,13411192945.0,2146096510.0,619634925512.0,217959805338.0,401675120174.0,비금융업
두산,150,117212,2022,CFS,ok,16995760103010.0,1126028726422.0,-581168717784.0,26315352623211.0,16017536857154.0,10297815766057.0,비금융업
두산,150,117212,2023,CFS,ok,19130129881903.0,1436262204451.0,272073643932.0,28286808651585.0,17080070105878.0,11206738545707.0,비금융업
두산,150,117212,2024,CFS,ok,18132874000000.0,1003759000000.0,302227000000.0,30143063000000.0,18253581000000.0,11889482000000.0,비금융업
디아이동일,1530,118345,2022,CFS,ok,913722865510.0,44754402506.0,57491368300.0,1000282518406.0,381086723056.0,619195795350.0,비금융업
디아이동일,1530,118345,2023,CFS,ok,682872127202.0,6304538045.0,5995805541.0,975653234729.0,370119040311.0,605534194418.0,비금융업
디아이동일,1530,118345,2024,CFS,ok,651725598894.0,7810548526.0,2502884010.0,1013743449745.0,449411248598.0,564332201147.0,비금융업
롯데케미칼,11170,165413,2022,CFS,ok,22276082763692.0,-762606983916.0,27820456953.0,26784587810580.0,9520345523797.0,17264242286783.0,비금융업
롯데케미칼,11170,165413,2023,CFS,ok,19946396629902.0,-347702499473.0,-39243085252.0,33476310224541.0,13243769644688.0,20232540579853.0,비금융업
롯데케미칼,11170,165413,2024,CFS,ok,20430375565357.0,-894081004428.0,-1825555752135.0,34552330375053.0,14564385612175.0,19987944762878.0,비금융업
만호제강,1080,120872,2022,CFS,ok,253705017361.0,209474421.0,6363937483.0,257003015078.0,25657000048.0,231346015030.0,비금융업
만호제강,1080,120872,2023,CFS,ok,213296308408.0,-7441418493.0,8988679029.0,279981666833.0,22325402295.0,257656264538.0,비금융업
만호제강,1080,120872,2024,CFS,ok,179904428905.0,-30795040915.0,-44354713749.0,204811085193.0,25735878225.0,179075206968.0,비금융업
백광산업,1340,122472,2022,CFS,ok,232725146826.0,28274340213.0,22702656071.0,404267600510.0,194591585576.0,209676014934.0,비금융업
백광산업,1340,122472,2023,CFS,ok,233521888171.0,17738515912.0,7728814098.0,426908196303.0,213256378678.0,213651817625.0,비금융업
백광산업,1340,122472,2024,CFS,ok,245228124294.0,9748351104.0,3600645965.0,464295668847.0,250865510826.0,213430158021.0,비금융업
보해양조,890,123541,2022,CFS,ok,90858780910.0,61880701.0,-2828783632.0,147392500947.0,64936220688.0,82456280259.0,비금융업
보해양조,890,123541,2023,CFS,ok,93084785144.0,-2803701933.0,-3555068227.0,143300746774.0,63286857321.0,80013889453.0,비금융업
보해양조,890,123541,2024,CFS,ok,87624248943.0,2300656654.0,6685688838.0,138831713491.0,51788332179.0,87043381312.0,비금융업
부국증권,1270,123772,2022,CFS_frmtrm,ok,983407272978.0,60450553818.0,42313705537.0,1481429884085.0,786574355132.0,694855528953.0,비금융업
부국증권,1270,123772,2023,CFS,ok,815040553001.0,69108709126.0,57306543254.0,1770492019487.0,1012607100628.0,757884918859.0,비금융업
부국증권,1270,123772,2024,CFS,ok,779174975982.0,36674404410.0,30952554750.0,1651368375233.0,881102905317.0,770265469916.0,비금융업
삼부토건,1470,125974,2022,CFS,ok,436292508722.0,-81877991386.0,-90441647309.0,498726793527.0,308796987564.0,189929805963.0,비금융업
삼부토건,1470,125974,2023,CFS,ok,574975687073.0,-78151994195.0,-111007774067.0,513742450417.0,411614796994.0,102127653423.0,비금융업
삼부토건,1470,125974,2024,CFS,ok,462425746422.0,-112577744269.0,-127766951618.0,300331502195.0,292664231363.0,7667270832.0,비금융업
삼성SDI,6400,126362,2022,CFS,ok,20124069515854.0,1808013013202.0,2039361447986.0,30257525171127.0,13040023014999.0,17217502156128.0,비금융업
삼성SDI,6400,126362,2023,CFS,ok,22708300498633.0,1633368964768.0,2066046562201.0,34038860192967.0,14131610215445.0,19907249977522.0,비금융업
삼성SDI,6400,126362,2024,CFS,ok,16592248884388.0,363304463263.0,575512415979.0,40597344536357.0,19030107423830.0,21567237112527.0,비금융업
삼성에스디에스,18260,126186,2022,CFS,ok,17234749537662.0,916074023314.0,1130012585621.0,11952424889489.0,3485454954575.0,8466969934914.0,비금융업
삼성에스디에스,18260,126186,2023,CFS,ok,13276844204872.0,808230946594.0,701325761022.0,12321024561023.0,3345453419084.0,8975571141939.0,비금융업
삼성에스디에스,18260,126186,2024,CFS,ok,13828232033800.0,911096907001.0,789501325293.0,13238330251696.0,3532880772221.0,9705449479475.0,비금융업
삼성전자,5930,126380,2022,CFS,ok,302231360000000.0,43376630000000.0,55654077000000.0,448424507000000.0,93674903000000.0,354749604000000.0,비금융업
삼성전자,5930,126380,2023,CFS,ok,258935494000000.0,6566976000000.0,15487100000000.0,455905980000000.0,92228115000000.0,363677865000000.0,비금융업
삼성전자,5930,126380,2024,CFS,ok,300870903000000.0,32725961000000.0,34451351000000.0,514531948000000.0,112339878000000.0,402192070000000.0,비금융업
삼성제약,1360,126414,2022,CFS,ok,51832233858.0,-13961176993.0,-25093031447.0,117914808538.0,15324892000.0,102589916538.0,비금융업
삼성제약,1360,126414,2023,CFS,ok,51955037960.0,-18037069707.0,-24812021765.0,93479032024.0,15894485487.0,77584546537.0,비금융업
삼성제약,1360,126414,2024,CFS,ok,44294231025.0,-14828940152.0,-14092018358.0,128451959179.0,22596614412.0,105855344767.0,비금융업
삼양홀딩스,70,126937,2022,CFS,ok,3316778000000.0,132324000000.0,105849000000.0,4547781000000.0,2024270000000.0,2523511000000.0,비금융업
삼양홀딩스,70,126937,2023,CFS,ok,3210853491794.0,94802726814.0,227014034818.0,5136660179005.0,2340123861992.0,2796536317013.0,비금융업
삼양홀딩스,70,126937,2024,CFS,ok,3553264096673.0,127538574846.0,89491916474.0,5290507469287.0,2292419017261.0,2998088452026.0,비금융업
삼일제약,520,128032,2022,CFS,ok,179676108240.0,4016581828.0,-28287010.0,356700496639.0,230880901101.0,125819595538.0,비금융업
삼일제약,520,128032,2023,CFS,ok,196345807846.0,6471027760.0,1663539539.0,370680097036.0,242852725250.0,127827371786.0,비금융업
삼일제약,520,128032,2024,CFS,ok,219699586442.0,113040731.0,-5628801989.0,395071163939.0,218947290895.0,176123873044.0,비금융업
삼진제약,5500,128412,2022,CFS,ok,274031808452.0,23184322386.0,21900918791.0,406556944095.0,130692791177.0,275864152918.0,비금융업
삼진제약,5500,128412,2023,CFS,ok,292128533737.0,20484355464.0,18905784041.0,419901236797.0,154536239147.0,265364997650.0,비금융업
삼진제약,5500,128412,2024,CFS,ok,308349934442.0,31637502800.0,39232983400.0,425166281599.0,163511213621.0,261655067978.0,비금융업
삼천당제약,250,128546,2022,CFS,ok,177335410013.0,12224651499.0,8831820464.0,373275926268.0,127634262627.0,245641663641.0,비금융업
삼천당제약,250,128546,2023,CFS,ok,192668515628.0,9559814333.0,-4187753548.0,408021822012.0,109561750075.0,298460071937.0,비금융업
삼천당제약,250,128546,2024,CFS,ok,210923804522.0,2641971274.0,-5078046827.0,519772210839.0,170368051944.0,349404158895.0,비금융업
삼화페인트공업,390,129387,2022,CFS,ok,646039531651.0,19854394322.0,5498047424.0,587186274133.0,287461316451.0,299724957682.0,비금융업
삼화페인트공업,390,129387,2023,CFS,ok,631381875774.0,25826733514.0,16130730290.0,590613614037.0,281560002691.0,309053611346.0,비금융업
삼화페인트공업,390,129387,2024,CFS,ok,628348259134.0,18981518300.0,15473334744.0,619315087530.0,289704209848.0,329610877682.0,비금융업
상상인증권,1290,112059,2022,CFS_frmtrm,ok,51097917726.0,-847277006.0,3680901132.0,598057726910.0,374549886821.0,223507840089.0,비금융업
상상인증권,1290,112059,2023,CFS,ok,182188880534.0,961727538.0,487236451.0,2173761439448.0,1939613651597.0,234147787851.0,비금융업
상상인증권,1290,112059,2024,CFS,ok,322674868493.0,-49707791308.0,-47346647857.0,1230922556862.0,1049832859211.0,181089697651.0,비금융업
성창기업지주,180,133335,2022,CFS,ok,227519697624.0,-11487135610.0,-13134358819.0,820314254965.0,224541467009.0,595772787956.0,비금융업
성창기업지주,180,133335,2023,CFS,ok,166253799305.0,-16701274741.0,-24022292887.0,769067174916.0,195769130917.0,573298043999.0,비금융업
성창기업지주,180,133335,2024,CFS,ok,143105590875.0,-7293464621.0,-3623156326.0,719893318041.0,141518712667.0,578374605374.0,비금융업
세아베스틸지주,1430,106669,2022,CFS,ok,4386332748546.0,127856465832.0,88310592966.0,3818404052059.0,1846659305036.0,1971744747023.0,비금융업
세아베스틸지주,1430,106669,2023,CFS,ok,4083481175925.0,196690160681.0,125991352125.0,3665171000621.0,1626121166492.0,2039049834129.0,비금융업
세아베스틸지주,1430,106669,2024,CFS,ok,3636063257694.0,52332166350.0,20273054942.0,3826646864046.0,1795239994311.0,2031406869735.0,비금융업
셀트리온,68270,413046,2022,CFS,ok,2283967480394.0,647198174586.0,542566233270.0,5891652311251.0,1617448041462.0,4274204269789.0,비금융업
셀트리온,68270,413046,2023,CFS,ok,2176431531380.0,651481422157.0,539706505110.0,19917534297169.0,2791739989934.0,17125794307235.0,비금융업
셀트리온,68270,413046,2024,CFS,ok,3557303554371.0,492015534847.0,418883310404.0,21055222437706.0,3475160069015.0,17580062368691.0,비금융업
신영증권,1720,136721,2022,CFS,ok,2112179000000.0,121343000000.0,95584000000.0,11085013000000.0,9592427000000.0,1492586000000.0,비금융업
신영증권,1720,136721,2023,CFS_frmtrm,ok,2262323836315.0,85282210951.0,74755726049.0,9592370355437.0,8210033554829.0,1382336800608.0,비금융업
신영증권,1720,136721,2024,CFS,ok,2764259939189.0,170377256793.0,149387962241.0,10609935089040.0,8921462823065.0,1688472265975.0,비금융업
아모레퍼시픽홀딩스,2790,154462,2022,CFS,ok,4494956806652.0,271900712401.0,149222412761.0,7651003801454.0,1117500460491.0,6533503340963.0,비금융업
아모레퍼시픽홀딩스,2790,154462,2023,CFS,ok,4021343038942.0,152001477210.0,234714547925.0,7631430777862.0,1106298749214.0,6525132028648.0,비금융업
아모레퍼시픽홀딩스,2790,154462,2024,CFS,ok,4259886701995.0,249277525878.0,652873028811.0,8540521424208.0,1548821316419.0,6991700107789.0,비금융업
아세아,2030,138701,2022,CFS,ok,2072300589648.0,232577852131.0,163508810507.0,3182375948080.0,1317598873795.0,1864777074285.0,비금융업
아세아,2030,138701,2023,CFS,ok,2115887323161.0,240394994935.0,175601384139.0,3272086005881.0,1291990927528.0,1980095078353.0,비금융업
아세아,2030,138701,2024,CFS,ok,2007423276000.0,172421989000.0,108442511000.0,3334279155000.0,1304355185000.0,2029923970000.0,비금융업
에스엘,5850,125521,2022,CFS,ok,4174537934857.0,197915409993.0,165912606043.0,2931636940305.0,1225627791292.0,1706009149013.0,비금융업
에스엘,5850,125521,2023,CFS,ok,4838846695980.0,386185752873.0,349266124228.0,3235734467246.0,1226615063764.0,2009119403482.0,비금융업
에스엘,5850,125521,2024,CFS,ok,4973273970111.0,395164287548.0,381963573388.0,3698864220516.0,1301616145058.0,2397248075458.0,비금융업
엔씨소프트,36570,261443,2022,CFS,ok,2571792281800.0,559006120606.0,435990309263.0,4437632450781.0,1239083608249.0,3198548842532.0,비금융업
엔씨소프트,36570,261443,2023,CFS,ok,1779832977766.0,137283512800.0,213914315973.0,4393800423903.0,1140771883353.0,3253028540550.0,비금융업
엔씨소프트,36570,261443,2024,CFS,ok,1578123132867.0,-109215374026.0,94115833907.0,3953941191414.0,890352556840.0,3063588634574.0,비금융업
영풍,670,141307,2022,CFS,ok,4429488166601.0,68871997441.0,415564249162.0,5871933652466.0,1468547025489.0,4403386626977.0,비금융업
영풍,670,141307,2023,CFS,ok,3761732632263.0,-169812608768.0,-83369162564.0,5568116970055.0,1285348175271.0,4282768794784.0,비금융업
영풍,670,141307,2024,CFS,ok,2787414358375.0,-160701935806.0,-327809725720.0,5701707714763.0,1716406429617.0,3985301285146.0,비금융업
오리온홀딩스,1800,117577,2022,CFS,ok,2934623360638.0,399824809538.0,323574721674.0,5102168431194.0,977214307936.0,4124954123258.0,비금융업
오리온홀딩스,1800,117577,2023,CFS,ok,2953806265859.0,405463095002.0,290412989562.0,5138300057884.0,818487035311.0,4319813022573.0,비금융업
오리온홀딩스,1800,117577,2024,CFS,ok,3195245858433.0,506240029274.0,479528618409.0,5933196336149.0,1054452244274.0,4878744091875.0,비금융업
유니온,910,144252,2022,CFS,ok,234981176780.0,2897590739.0,-9138513568.0,376111723330.0,201552927080.0,174558796250.0,비금융업
유니온,910,144252,2023,CFS,ok,224649755569.0,-1992452119.0,-2562126203.0,382846276957.0,206746720586.0,176099556371.0,비금융업
유니온,910,144252,2024,CFS,ok,218159407914.0,-11456625866.0,-68904028443.0,305473764776.0,203861422466.0,101612342310.0,비금융업
유수홀딩스,700,163691,2022,CFS,ok,6821620560.0,29646246718.0,44118934136.0,524926064872.0,79255169817.0,445670895055.0,비금융업
유수홀딩스,700,163691,2023,CFS,ok,341773101419.0,21005544102.0,23263597963.0,514472137701.0,68107152536.0,446364985165.0,비금융업
유수홀딩스,700,163691,2024,CFS,ok,435867054050.0,18315439948.0,31644811581.0,478715425251.0,67044758212.0,411670667039.0,비금융업
유유제약,220,144818,2022,CFS,ok,138881056346.0,-592113629.0,-4425392926.0,195205072788.0,71831031376.0,123374041412.0,비금융업
유유제약,220,144818,2023,CFS,ok,137209588673.0,364537115.0,-5540581558.0,198213526767.0,77857871884.0,120355654883.0,비금융업
유유제약,220,144818,2024,CFS,ok,133147218082.0,11697341742.0,10289303485.0,207687399005.0,72624048180.0,135063350825.0,비금융업
유진증권,1200,131054,2022,CFS_frmtrm,ok,1821576539177.0,18122584846.0,15672340026.0,8076408298781.0,7100764279436.0,975644019345.0,비금융업
유진증권,1200,131054,2023,CFS,ok,1647662690835.0,27039374857.0,30696475248.0,8699332043240.0,7687427343652.0,1011904699588.0,비금융업
유진증권,1200,131054,2024,CFS,ok,1652599784559.0,58338142158.0,49619329316.0,9646708149349.0,8595331993613.0,1051376155736.0,비금융업
유한양행,100,145109,2022,CFS,ok,1775846942745.0,36028967211.0,90592526174.0,2472728072149.0,464921702703.0,2007806369446.0,비금융업
유한양행,100,145109,2023,CFS,ok,1858983759666.0,56759795062.0,134031517424.0,2814070521926.0,712337878463.0,2101732643463.0,비금융업
유한양행,100,145109,2024,CFS,ok,2067791451854.0,54880319609.0,55163455235.0,2942048836634.0,791378826075.0,2150670010559.0,비금융업
이수화학,5950,145552,2022,CFS,ok,2207647670842.0,35990535226.0,26233638344.0,1188076573138.0,782591483389.0,405485089749.0,비금융업
이수화학,5950,145552,2023,CFS,ok,1995488453425.0,-56017930753.0,-28074913226.0,1093466713681.0,832802122592.0,260664591089.0,비금융업
이수화학,5950,145552,2024,CFS,ok,1916230887000.0,-51445078000.0,-38208992000.0,957246232000.0,735518289000.0,221727943000.0,비금융업
이화산업,760,145686,2022,CFS,ok,58633950913.0,-884105121.0,864473481.0,268217246459.0,58496402565.0,209720843894.0,비금융업
이화산업,760,145686,2023,CFS,ok,47187842383.0,-1813616540.0,-2102669509.0,265952518844.0,58674386856.0,207278131988.0,비금융업
이화산업,760,145686,2024,CFS,ok,49487533689.0,772077303.0,-270822831.0,269760591981.0,62687904131.0,207072687850.0,비금융업
일동홀딩스,230,146083,2022,CFS,ok,675539717333.0,-98410983144.0,-194503503708.0,862553166894.0,693452985420.0,169100181474.0,비금융업
일동홀딩스,230,146083,2023,CFS,ok,638447517670.0,-79561775827.0,-118787164570.0,876999054796.0,707097204368.0,169901850428.0,비금융업
일동홀딩스,230,146083,2024,CFS,ok,657566885958.0,-2411599959.0,55583181698.0,854701442970.0,600703310841.0,253998132129.0,비금융업
전방,950,147222,2022,CFS,ok,124914049101.0,-35045943284.0,67453344175.0,315467888634.0,104809893220.0,210657995414.0,비금융업
전방,950,147222,2023,CFS,ok,94772410649.0,-32548106506.0,-19193789810.0,236979137636.0,47159660314.0,189819477322.0,비금융업
전방,950,147222,2024,CFS,ok,57235842614.0,-8482983755.0,8913315702.0,231974001581.0,33296379985.0,198677621596.0,비금융업
제일연마,1560,148461,2022,CFS,ok,83435241806.0,5129135206.0,2207065876.0,104117875897.0,11951004596.0,92166871301.0,비금융업
제일연마,1560,148461,2023,CFS,ok,85239048510.0,7891764655.0,10917005887.0,106615084744.0,10794721777.0,95820362967.0,비금융업
제일연마,1560,148461,2024,CFS,ok,81974461738.0,5753862882.0,6006943143.0,116092096071.0,16856515562.0,99235580509.0,비금융업
조선내화,480,148984,2022,CFS,ok,798039613255.0,22597868685.0,49575574685.0,1620442052683.0,793378121821.0,827063930862.0,비금융업
조선내화,480,148984,2023,CFS,ok,816904445534.0,39415273348.0,26857674151.0,1621801858956.0,795117752139.0,826684106817.0,비금융업
조선내화,480,148984,2024,CFS,ok,810831515000.0,17438364000.0,2470935000.0,1697695581000.0,835588274000.0,862107307000.0,비금융업
조흥,2600,149345,2022,CFS,ok,324035752456.0,14975758634.0,11131140357.0,433755476780.0,279570331873.0,154185144907.0,비금융업
조흥,2600,149345,2023,CFS,ok,405945609421.0,15648302437.0,355244125.0,394002199996.0,244362080995.0,149640119001.0,비금융업
조흥,2600,149345,2024,CFS,ok,428162970536.0,20834881066.0,2514305703.0,399122282497.0,251571451127.0,147550831370.0,비금융업
종근당홀딩스,1630,149354,2022,CFS,ok,908962764139.0,-32878294931.0,-22663808796.0,1376372969554.0,577829023460.0,798543946094.0,비금융업
종근당홀딩스,1630,149354,2023,CFS,ok,879780769949.0,17005266704.0,40575422161.0,1456003650511.0,632518933646.0,823484716865.0,비금융업
종근당홀딩스,1630,149354,2024,CFS,ok,957752613068.0,35486435048.0,40294018711.0,1495801604857.0,646028179296.0,849773425561.0,비금융업
천일고속,650,151395,2022,CFS,ok,37703179407.0,-7411183633.0,-6007020421.0,54845658330.0,28229905515.0,26615752815.0,비금융업
천일고속,650,151395,2023,CFS,ok,43998455771.0,-5148165928.0,-4813001445.0,54742622180.0,35683673324.0,19058948856.0,비금융업
천일고속,650,151395,2024,CFS,ok,44716883420.0,-5269198646.0,-4197020928.0,53502532108.0,39416038248.0,14086493860.0,비금융업
카카오,35720,258801,2022,CFS,ok,2456590805969.0,569355650551.0,1066994242805.0,22963651561449.0,9447968971124.0,13515682590325.0,비금융업
카카오,35720,258801,2023,CFS,ok,7557001757272.0,460857845673.0,-1816669011014.0,25179968939321.0,11321369715195.0,13858599224126.0,비금융업
카카오,35720,258801,2024,CFS,ok,7871692199887.0,460212161525.0,-161870567171.0,25773028304462.0,11830134144725.0,13942894159737.0,비금융업
케이티,30200,190321,2022,CFS,ok,25650011000000.0,1690088000000.0,1387663000000.0,40980681000000.0,22565958000000.0,18414723000000.0,비금융업
케이티,30200,190321,2023,CFS,ok,26376273000000.0,1649774000000.0,988718000000.0,42709982000000.0,24148845000000.0,18561137000000.0,비금융업
케이티,30200,190321,2024,CFS,ok,26431204000000.0,809471000000.0,417094000000.0,41879957000000.0,23883408000000.0,17996549000000.0,비금융업
태광산업,3240,153393,2022,CFS,ok,2703851289364.0,-122074282364.0,-26229443634.0,4910005420529.0,702185269043.0,4207820151486.0,비금융업
태광산업,3240,153393,2023,CFS,ok,2265489918200.0,-99370075160.0,-14694447321.0,4738292443387.0,708793032453.0,4029499410934.0,비금융업
태광산업,3240,153393,2024,CFS,ok,2121863335311.0,-27164631033.0,218362415993.0,4722277800717.0,706711261253.0,4015566539464.0,비금융업
태원물산,1420,154055,2022,CFS,ok,10954651040.0,-525103179.0,-1360796816.0,34948504183.0,5374970694.0,29573533489.0,비금융업
태원물산,1420,154055,2023,CFS,ok,9212314418.0,-810959814.0,-82457842.0,37386713995.0,8426155590.0,28960558405.0,비금융업
태원물산,1420,154055,2024,CFS,ok,11570639556.0,-894285012.0,17468736717.0,53539770506.0,8263798005.0,45275972501.0,비금융업
페이퍼코리아,1020,134723,2022,CFS,ok,409957041438.0,25843738569.0,-1828714243.0,501830145462.0,440215219986.0,61614925476.0,비금융업
페이퍼코리아,1020,134723,2023,CFS,ok,362071696060.0,31156677378.0,15232336453.0,491668368146.0,196513777401.0,295154590745.0,비금융업
페이퍼코리아,1020,134723,2024,CFS,ok,290184364896.0,2037606335.0,-9682981858.0,490046182315.0,206282900332.0,283763281983.0,비금융업
포스코케미칼,3670,155276,2022,CFS,ok,3301915805063.0,165871669943.0,121928567124.0,4637476140189.0,1986831501348.0,2650644638841.0,비금융업
포스코케미칼,3670,155276,2023,CFS,ok,4759871486264.0,35882185999.0,4435219953.0,6334593297871.0,3723127307788.0,2611465990083.0,비금융업
포스코케미칼,3670,155276,2024,CFS,ok,3699944235821.0,721245866.0,-231338259262.0,7932459834018.0,4611953968440.0,3320505865578.0,비금융업
하이트진로,80,150244,2022,CFS,ok,2497554821448.0,190571249139.0,86816258840.0,3333438311387.0,2172409936540.0,1161028374847.0,비금융업
하이트진로,80,150244,2023,CFS,ok,2520181551629.0,123919983380.0,35511119931.0,3358347205530.0,2242471577188.0,1115875628342.0,비금융업
하이트진로,80,150244,2024,CFS,ok,2599183408023.0,208141871425.0,95735005249.0,3441538598928.0,2292042901576.0,1149495697352.0,비금융업
하이트진로홀딩스,140,148993,2022,CFS,ok,2484277054372.0,202502517207.0,72048976158.0,3945000964667.0,2779584712819.0,1165416251848.0,비금융업
하이트진로홀딩스,140,148993,2023,CFS,ok,2506869281995.0,138073290650.0,18315800358.0,3979751148746.0,2874614630369.0,1105136518377.0,비금융업
하이트진로홀딩스,140,148993,2024,CFS,ok,2585068710459.0,221794886726.0,90773142637.0,4077443964617.0,2923029298430.0,1154414666187.0,비금융업
한국앤컴퍼니,240,160047,2022,CFS,ok,1095895770449.0,245248895826.0,163859841867.0,4301818675789.0,445377543909.0,3856441131880.0,비금융업
한국앤컴퍼니,240,160047,2023,CFS,ok,1089668057103.0,256563452628.0,187234321156.0,4640995961705.0,624304502331.0,4016691459374.0,비금융업
한국앤컴퍼니,240,160047,2024,CFS,ok,1390995724547.0,418268299588.0,350713050064.0,5136426181879.0,683552763446.0,4452873418433.0,비금융업
한국주철관공업,970,159573,2022,CFS,ok,484291225781.0,13990246944.0,12067999270.0,424608629316.0,73948278772.0,350660350544.0,비금융업
한국주철관공업,970,159573,2023,CFS,ok,456325697481.0,20384146359.0,17420022071.0,434108102058.0,74562473227.0,359545628831.0,비금융업
한국주철관공업,970,159573,2024,CFS,ok,419416899335.0,15445910306.0,14347893535.0,429705980847.0,73720798815.0,355985182032.0,비금융업
한진,2320,163512,2022,CFS,ok,2849420869433.0,114501782947.0,51759790504.0,4093197691709.0,2558814752905.0,1534382938804.0,비금융업
한진,2320,163512,2023,CFS,ok,2807528782563.0,122526979246.0,26107574417.0,4201363599974.0,2661786978230.0,1539576621744.0,비금융업
한진,2320,163512,2024,CFS,ok,3015479161930.0,100088306580.0,-365000885.0,4189506445715.0,2665596451720.0,1523909993995.0,비금융업
한화,880,160588,2022,CFS,ok,62278395000000.0,2516091000000.0,2243337000000.0,211175324000000.0,190296497000000.0,20878827000000.0,비금융업
한화,880,160588,2023,CFS,ok,53134813000000.0,2411920000000.0,1635515000000.0,209738149000000.0,176539410000000.0,3399738000000.0,비금융업
한화,880,160588,2024,CFS,ok,55646829000000.0,2416109000000.0,1690434000000.0,252036985000000.0,212475211000000.0,39561774000000.0,비금융업
현대건설,720,164478,2022,CFS,ok,21239082000000.0,574902000000.0,470876000000.0,20911708000000.0,10987431000000.0,9924277000000.0,비금융업
현대건설,720,164478,2023,CFS,ok,29651357000000.0,785430000000.0,654281000000.0,23714495000000.0,13258980000000.0,10455515000000.0,비금융업
현대건설,720,164478,2024,CFS,ok,32670268000000.0,-1263420000000.0,-766221000000.0,27005385000000.0,17335972000000.0,9669413000000.0,비금융업
현대두산인프라코어,42670,344287,2022,CFS,ok,4756113501671.0,332546884265.0,229551495990.0,4736667586250.0,3101626628384.0,1635040957866.0,비금융업
현대두산인프라코어,42670,344287,2023,CFS,ok,4659604596066.0,418264367865.0,230712444498.0,4418425813336.0,2605109811309.0,1813316002027.0,비금융업
현대두산인프라코어,42670,344287,2024,CFS,ok,4114189991329.0,184161977034.0,108415737392.0,4287197767266.0,2439972974890.0,1847224792376.0,비금융업
현대로템,64350,302926,2022,CFS,ok,3163343615000.0,147486669000.0,194534253000.0,4823869784000.0,3332399192000.0,1491470592000.0,비금융업
현대로템,64350,302926,2023,CFS,ok,3587382453000.0,210046594000.0,156778978000.0,5241484775000.0,3594508619000.0,1646976156000.0,비금융업
현대로템,64350,302926,2024,CFS,ok,4376597857000.0,456565534000.0,405259414000.0,5285394740000.0,3276309551000.0,2009085189000.0,비금융업
현대위아,11210,106623,2022,CFS,ok,8207614000000.0,212115000000.0,43482000000.0,7546451000000.0,3812800000000.0,3733651000000.0,비금융업
현대위아,11210,106623,2023,CFS,ok,8590316000000.0,229216000000.0,52548000000.0,6825905000000.0,3059151000000.0,3766754000000.0,비금융업
현대위아,11210,106623,2024,CFS,ok,8180886000000.0,218810000000.0,129472000000.0,7075991000000.0,3049692000000.0,4026299000000.0,비금융업
현대자동차,5380,164742,2022,CFS,ok,142527535000000.0,9819769000000.0,3701958000000.0,255742462000000.0,164845917000000.0,90896545000000.0,비금융업
현대자동차,5380,164742,2023,CFS,ok,162663579000000.0,15126901000000.0,12272301000000.0,282463355000000.0,180653915000000.0,101809440000000.0,비금융업
현대자동차,5380,164742,2024,CFS,ok,175231153000000.0,14239592000000.0,13229908000000.0,339798429000000.0,219522496000000.0,120275933000000.0,비금융업
현대차증권,1500,137997,2022,CFS_frmtrm,ok,1186028329210.0,114573306425.0,87101251163.0,10233055073725.0,9008412020030.0,1224643053695.0,비금융업
현대차증권,1500,137997,2023,CFS,ok,1582196918963.0,65170508123.0,53511195192.0,11585256846740.0,10307455311005.0,1277801535735.0,비금융업
현대차증권,1500,137997,2024,CFS,ok,1795633000000.0,54691000000.0,36150000000.0,11991996000000.0,10689901000000.0,1302095000000.0,비금융업
현대홈쇼핑,57050,412597,2022,CFS,ok,2101667569062.0,110640961829.0,86322217345.0,2782027992185.0,823288672056.0,1958739320129.0,비금융업
현대홈쇼핑,57050,412597,2023,CFS,ok,2064457266714.0,59952400171.0,136205234371.0,3432527148806.0,850516397114.0,2582010751692.0,비금융업
현대홈쇼핑,57050,412597,2024,CFS,ok,3853462322479.0,130128245059.0,174238249760.0,5175067326608.0,1339607886775.0,3835459439833.0,비금융업
화천기공,850,166519,2022,CFS,ok,244093710786.0,8182884639.0,37485626338.0,474032615936.0,128766812502.0,345265803434.0,비금융업
화천기공,850,166519,2023,CFS,ok,225720429438.0,4560057509.0,10563122927.0,463885406068.0,118338768262.0,345546637806.0,비금융업
화천기공,850,166519,2024,CFS,ok,222200718833.0,-741138094.0,8654343281.0,428809811685.0,91541077262.0,337268734423.0,비금융업
흥아해운,3280,167208,2022,CFS,ok,177860078064.0,29679321670.0,23809908600.0,317059936570.0,181755200200.0,135304736370.0,비금융업
흥아해운,3280,167208,2023,CFS,ok,164811542047.0,24563227868.0,34733504205.0,325653339437.0,154939133840.0,170714205597.0,비금융업
흥아해운,3280,167208,2024,CFS,ok,188000981753.0,27541001667.0,39961399082.0,443559317530.0,209520122001.0,234039195529.0,비금융업
