stock_code,fiscal_year,TFPC1,TFPC2,TFPC3,TFPC4,TFPC7,TFPC12,TFPC15,TFPC17,TFPC20,TFPC26,neg_TFPC2
20,2022,0.4312886566705768,-0.05895491884191559,-0.090961993776593,0.18697046547262283,-0.028503163457842633,-0.11703393579164018,0.1628583510382186,-0.020436736865534627,-0.12179300686417065,0.016311369663392878,0.05895491884191559
20,2023,0.4249468723874298,-0.05591867270724926,-0.0933836999103906,0.18534145001901667,-0.028048623411202168,-0.10747335012530496,0.15867785443225058,-0.018579755305994285,-0.11353487287159827,0.02829356519137624,0.05591867270724926
20,2024,0.4249468723874298,-0.05591867270724926,-0.0933836999103906,0.18534145001901667,-0.028048623411202168,-0.10747335012530496,0.15867785443225058,-0.018579755305994285,-0.11353487287159827,0.02829356519137624,0.05591867270724926
40,2022,0.32249630914933786,-0.015860122231146037,0.1098634355604068,0.08056882728169557,0.20192697972311388,0.2604515283226699,-0.08868018147161368,-0.265220536302859,-0.12552869737480282,-0.24592878282557407,0.015860122231146037
40,2023,0.18564046055825506,-0.12080738685507107,0.10014060359216241,0.10743573344176117,0.1496661489381562,0.22244745149042264,-0.07314805542235792,-0.27956268459098443,-0.10586532199726331,-0.2762606921913003,0.12080738685507107
40,2024,0.2926643610932955,0.02675711046194813,0.13445130481372322,0.07722995521680132,0.24035753036757584,0.22331634910678064,-0.09587096376988392,-0.26129734504593766,-0.11252176847995572,-0.23427119162921475,-0.02675711046194813
50,2022,0.3982332362664571,0.12882394119200483,-0.04243382583535435,0.2894450407115089,0.22828098330408886,0.14249623828963176,-0.017039829839080405,-0.15629525306159078,-0.19370073882874442,-0.03967608265080519,-0.12882394119200483
50,2023,0.4298919072681903,0.03916150119792203,-0.020023982169039955,0.3498131313133847,0.26936069980338273,0.08400477664332277,0.029829781975768802,-0.0839089788013645,-0.14796300341741106,-0.02329405460877669,-0.03916150119792203
50,2024,0.44527279912430023,-0.03354251107976237,-0.025496835916835853,0.2846890660470323,0.2569719229532671,0.047005714427768484,0.05151413521567939,-0.06722049266738937,-0.17484160361497864,-0.04371613258528133,0.03354251107976237
70,2022,0.5103090905871752,-0.2861266746013972,-0.1284593555076499,-0.05884550067765279,-0.09717798645671528,-0.09058932272772799,-0.02114039181604364,-0.01822159810058365,-0.029428189238495276,0.11629466173956142,0.2861266746013972
70,2023,0.5818064183625661,-0.39886524079150704,-0.017394403790307586,0.017804942517226634,-0.0347026998979911,-0.09873877503530032,-0.013359185151285277,-0.033543921658086576,-0.03603996104362147,0.0976793995973716,0.39886524079150704
70,2024,0.5602560201282906,-0.39474972761559035,-0.0032981057799609864,-0.029218828176580672,-0.05105612138729178,-0.06458653410993023,-0.023641930410467395,-0.038100502284367864,-0.09041713907984632,0.0756174835503744,0.39474972761559035
80,2022,0.6606612538046452,0.17075650619657443,0.2886381730612851,0.08695157809350158,-0.02497102405767033,-0.08331545296816509,-0.09350648321682777,0.08696326015138992,0.067823245968538,-0.04281355228575131,-0.17075650619657443
80,2023,0.6470765147434124,0.15355124662199704,0.2788167555527466,0.10201997358050185,-0.015106039215674816,-0.09425124300839967,-0.08466435595893307,0.09766995225650466,0.06754789621590701,-0.035467533164801376,-0.15355124662199704
80,2024,0.6296356403906672,0.23621764963111133,0.28755820532437015,0.03551201300728364,-0.028535824097006647,-0.06837670981728007,-0.1014417110936842,0.06087131360431475,0.08299974528956562,-0.010695375248781662,-0.23621764963111133
100,2022,0.5216864715585227,-0.01974522996469802,-0.2981089439717553,-0.0503949904133164,-0.16003578012264502,-0.12277823029558968,-0.20055869600881884,-0.09027371210691315,0.03609259372600778,0.12077749520100213,0.01974522996469802
100,2023,0.4068372834083939,0.029630608755840514,-0.34286684906302967,-0.0894824670114706,-0.20421883959068754,-0.09631662648358304,-0.14016378127999604,-0.09741649928562914,0.033923451030865394,0.07542680243281674,-0.029630608755840514
100,2024,0.5412031605217894,-0.03571290580706596,-0.29456263686121553,-0.10042900166574924,-0.19256583093858348,-0.12352957097688705,-0.17953060512099905,-0.08000961050991236,0.036659933931968904,0.14569435555883864,0.03571290580706596
120,2022,0.5000518988718007,-0.07904768307312969,0.020476735337644433,0.11685650542901761,0.004710186944187203,-0.004268091356372473,0.029095844047418818,0.0540248124988446,-0.010280883789825734,-0.01465159792577523,0.07904768307312969
120,2023,0.5325687364558671,-0.18140512728513378,0.030818574081840445,0.08958390199845317,0.02448224296314241,-0.02331974725497748,0.043444623784666576,0.05317823168099429,-0.03989984639606137,-0.04609268926146133,0.18140512728513378
140,2022,0.6366123869624208,0.02295546015291921,0.1687032829089621,0.1844690610283894,0.03797205311109906,-0.09958469518304047,-0.10954005718155772,0.028537553407580605,0.010654544164622713,-0.0643784541198654,-0.02295546015291921
140,2023,0.6607120958210654,0.0759052660268458,0.07882234155027157,0.12737212087241764,0.13489986645914503,-0.12454111327488566,-0.14401120808969956,0.06493563442410395,0.023901774022091735,0.014878551044635147,-0.0759052660268458
140,2024,0.6471268662043073,0.15787336953541412,0.06740686387557195,0.07007207362051912,0.1410536412568778,-0.11922726517460162,-0.15734248985364363,0.05734321667215888,0.03846247503411562,0.014356444771852741,-0.15787336953541412
150,2022,0.5147211034573583,-0.45480439621205593,0.05602398323785842,-0.09253210339772706,-0.08888369599345647,0.12828584732063353,-0.03523271759302837,0.009149003951074612,0.0736702817082954,0.0804226563434382,0.45480439621205593
150,2023,0.534702902267781,-0.4519091454505295,0.04474166325297072,-0.0646848284600879,-0.06951813118629531,0.16868122697233548,-0.04371497951084155,-0.01570206604158777,0.08912029475817879,0.06948399691391553,0.4519091454505295
150,2024,0.5459110159192517,-0.47402183823044736,0.05418334598933021,-0.07078419764110196,-0.05098246713709699,0.14308065783352814,-0.017931137983166864,-0.014624241949811831,0.11129850670888436,0.08185965032339801,0.47402183823044736
180,2022,0.580360793549087,-0.34219318421627704,0.17400872549397967,0.11263504241124217,0.07387714518068499,-0.29457031755480206,0.07862869531982858,0.042286150966604485,-0.016906062430868268,0.019392580237237687,0.34219318421627704
180,2023,0.5706452872928324,-0.349322503226489,0.19676431405011374,0.12517982092193844,0.10923178489093861,-0.3031512584383115,0.06467282579002498,0.031618714656379054,0.01378063769939025,0.01725350507414534,0.349322503226489
180,2024,0.5929257649229189,-0.25685246905361614,0.13869227543520124,0.18565076463935062,0.05336694300224688,-0.23094362636099985,0.06802449849242248,-0.018746417262340314,-0.013687094650899574,-0.0008769232144129745,0.25685246905361614
210,2022,0.5866429653131648,-0.501744513206824,0.06547457294125149,0.023362963330997705,0.1844826634391571,-0.11260274640903772,0.009274433914110071,-0.04029452206950519,0.07832630174112845,-0.012940958237372877,0.501744513206824
210,2023,0.5692777680787121,-0.47793058243322123,0.1093228593615371,0.04737410668357204,0.2015337471696714,-0.08972086923057712,0.009027590348337472,-0.048602637642202205,0.09396921160663901,-0.0001373473385426819,0.47793058243322123
210,2024,0.5400004631773747,-0.509475786199061,0.10991006821450414,0.044137396248806124,0.20740022931051938,-0.06960976387602603,0.0038967397017625415,-0.03575652714362618,0.08972471106089365,-0.008797687344937409,0.509475786199061
220,2022,0.40223797836990116,0.08835237102431649,-0.13773136999376268,0.14609731050732946,0.14049897107417333,0.09824943302217809,-0.06284496941104224,-0.034320380801900016,-0.06568221173645315,0.00457988412461434,-0.08835237102431649
220,2023,0.3542450123480438,0.2340211263762937,-0.033511434958417324,0.053109544838279434,0.2589832504141433,0.08968163575070943,-0.14116585184264152,-0.007211307496496115,0.05941032960829557,0.16048758137341756,-0.2340211263762937
220,2024,0.3542450123480438,0.2340211263762937,-0.033511434958417324,0.053109544838279434,0.2589832504141433,0.08968163575070943,-0.14116585184264152,-0.007211307496496115,0.05941032960829557,0.16048758137341756,-0.2340211263762937
230,2022,0.5309314759149794,0.10706370158385096,-0.06412849341103659,0.27847816526944674,0.15115281497832594,-0.08942031048452131,-0.10767925156047575,0.16021780667700214,0.024150443806243704,-0.05019083063069137,-0.10706370158385096
230,2023,0.5341682865843523,0.153207726737292,-0.0413612153951476,0.24097966070039298,0.17003244512794294,-0.10182288063249754,-0.12981921084551962,0.164066884252693,0.008468112234103056,-0.05452138629795001,-0.153207726737292
230,2024,0.5699120242161733,0.24896060223808608,-0.05464944155572982,0.22348025697919358,0.24326441824886513,-0.09157416294388776,-0.05356509982960951,0.11389001704768184,-0.051330894560125455,-0.04665898610240034,-0.24896060223808608
240,2022,0.6335694534993381,0.05251196677521018,-0.012947030477123176,-0.0761075492992493,0.13536449590764635,-0.17084794283623142,-0.04787986578143326,0.11195902655076127,-0.011459622603790107,0.019370083444192603,-0.05251196677521018
240,2023,0.5926746982061759,0.11992112991675355,-0.038055848283633446,-0.13691138449402496,0.13623146213128207,-0.19250045669710553,-0.05129651645332476,0.0714886800734556,-0.041971350286540664,0.03520857183364398,-0.11992112991675355
240,2024,0.5617758515893689,-0.2113970101497315,0.008186318990040136,-0.14084662272178725,0.05522040555258358,-0.1888290837982305,0.03829084368128663,0.04548941177666666,-0.09416364558651986,0.0035386333029734317,0.2113970101497315
250,2022,0.27569999282195934,-0.024434414436972245,-0.049595924879942875,0.1932628907913182,-0.11608944686404235,-0.09483904582872095,-0.15146858086851117,-0.1721553626411404,-0.11012111406606934,-0.09071543323162153,0.024434414436972245
250,2023,0.2665766629459472,-0.01669202020750724,-0.05009696344953298,0.2587211365624409,-0.08245251922923785,-0.0641407166591977,-0.16656461558548252,-0.16762555134452295,-0.12841306982620856,-0.12110785241938189,0.01669202020750724
250,2024,0.36274577984164524,-0.03193268898099745,-0.0026327347076193757,0.17915270180768095,-0.0339435129297622,-0.06566792128487957,-0.1908940811647018,-0.18755475310197744,-0.12867888487629855,-0.1450633057888886,0.03193268898099745
270,2022,0.614846772111092,-0.238829098983525,0.21284944062263675,-0.05159530041362319,0.08953707985711992,0.14025789281383788,0.033244534560214825,-0.024122410957757127,0.13210899992138794,-0.03318014116145453,0.238829098983525
270,2023,0.6002631575144725,-0.22933491586364185,0.23951090846150158,-0.061077985168770464,0.06446693116339991,0.1383534496873916,0.028096969167458463,-0.05256106514149838,0.16434558530381277,-0.023615634130592325,0.22933491586364185
270,2024,0.5934695402572457,-0.20656111080390138,0.24810419062457878,-0.06871011950759605,0.05865353781313517,0.11739859128385992,0.03729255478268503,-0.04885686394892212,0.169104908217751,-0.016459101947187617,0.20656111080390138
320,2022,0.47333020599015574,-0.07133712459418326,0.14184644435155222,0.07908303331301644,0.2839773375099523,0.1068285042150885,-0.26424907265633957,0.10598023472579757,0.034387520839404113,0.02612843846477517,0.07133712459418326
320,2023,0.4583511605897956,-0.07772196628431371,0.14814117231518611,0.07910527775531818,0.2830877521107997,0.10456157901917484,-0.2666163767817255,0.10529428224346916,0.03201252329684983,0.027532963303501815,0.07772196628431371
320,2024,0.46315523903971106,-0.08930130942911411,0.1394619512991954,0.08533209350209946,0.2756038831776431,0.11286110981016195,-0.2671621885925151,0.07823618362025032,0.024152977971337634,0.014268224432641441,0.08930130942911411
370,2022,0.320719018432521,0.09771908907209878,-0.38929305469423275,-0.005558682416066769,-0.11670850747201757,0.014461646528438829,-0.14283014640860475,0.027287949034484612,-0.013313498282452188,0.011295222641031815,-0.09771908907209878
370,2023,0.41475294006648955,0.20197412994724206,-0.39486730080776217,0.009465834574616031,0.00682528667944997,0.02387587435886558,-0.13917664553813097,-0.02412599304997383,-0.031446491881855006,0.03700338011681661,-0.20197412994724206
370,2024,0.3750840953821579,0.16356206187057715,-0.4310352227800325,0.0023130426187065625,-0.15272167891723068,0.004795176776771605,-0.12934199003419547,0.02747337395124312,-0.03306697583996937,-0.009619261756545632,-0.16356206187057715
390,2022,0.6086431320558883,-0.07390255743989425,0.2198003482647196,0.10714137708683508,0.20306845219144337,0.09133411812468205,-0.21859318977878953,0.003761346659868646,-0.08147165123953866,-0.06644943168994655,0.07390255743989425
390,2023,0.5231725883934413,-0.16440356459261196,0.1837953650908288,0.07552186344969258,0.2654751153465561,0.12652889552021962,-0.2725860947054094,-0.04496880850830306,-0.04173126859244025,-0.0996974615310033,0.16440356459261196
390,2024,0.49429400425000125,-0.16778907803806786,0.1462213337514358,0.07437072185644286,0.22897270097776584,0.09785658661748933,-0.2555762555071176,-0.0429713790613986,-0.040268945718584435,-0.08935645651190433,0.16778907803806786
400,2022,0.09828752240411535,-0.03257181966475345,-0.016154363285652416,-0.08199637621926602,0.038067848029872224,-0.008124515537669852,-0.13490793083596653,0.10000239596943697,-0.07297203999133973,0.2600827650494485,0.03257181966475345
400,2023,0.40256570978778494,0.25337937399470156,-0.27771619355177196,-0.028399672666330943,-0.16313841251634684,0.002331007272100549,-0.12460109436940392,-1.81231195250214e-05,-0.01720831343361889,-0.03538639553882818,-0.25337937399470156
400,2024,0.184317120152129,0.06876909317006646,-0.05435164205168198,-0.038340353971469565,-0.06318816243822181,-0.06359257444197375,0.05446923315839485,-0.10696452942319255,-0.10330728278757188,-0.07074505746384194,-0.06876909317006646
430,2022,0.4251205591890726,0.1472449825802706,0.101315938937891,0.08506252030245899,0.07708522997449349,0.27595388737490867,0.06485164787631599,-0.036522330471140736,0.13767721032852187,0.01758318701486347,-0.1472449825802706
430,2023,0.40954251139103354,0.1450821462277839,0.1145960851988004,0.10090024852145257,0.07332457167336685,0.2784913591847153,0.07961637650870794,-0.041110100445681926,0.14801771690416832,-0.004915743346980237,-0.1450821462277839
430,2024,0.5739089109743001,0.3095559174152172,0.2081149617155178,-0.07085003783095546,0.07902176977911374,0.2217702376742896,0.07506174085840163,-0.05647702991860399,0.08743469051863617,-0.013607563099261723,-0.3095559174152172
480,2022,0.5313357494840854,0.19399396984067271,0.08886027954358494,0.0030512403552903564,-0.027829838955982143,0.02169037497527241,0.1471975909553695,-0.2284393593102099,-0.11297046445430979,0.19697561005282233,-0.19399396984067271
480,2023,0.3954230175307061,0.037967929691894955,0.05890534382076111,0.049019028276668604,0.08033185290006914,0.05732680132127426,0.1525262413125532,-0.12772759503946818,-0.04501831562493422,0.13395230172252828,-0.037967929691894955
480,2024,0.5133868926006505,0.09078920983366581,-0.0017299081766052938,0.029364537949199083,0.13131582196720035,-0.02683755394399233,0.07738466578978395,-0.16055947365061082,0.002224842609343534,0.21257970252854494,-0.09078920983366581
490,2022,0.5005881488715298,-0.24899777271529297,0.11290149284771157,-0.03250669360408011,0.04674758590341151,-0.2003180140059367,-0.11996759724010116,0.10899700884266823,0.00847240785983194,0.035918797358288755,0.24899777271529297
490,2023,0.5007466413402663,-0.3355815135163969,0.1343100272783543,-0.05606293835589447,0.08561554962917832,-0.2156172156143506,-0.07975992097403481,0.11913456882823115,0.030615141401995633,0.018580704681047975,0.3355815135163969
490,2024,0.566762152602255,-0.1726812066087926,0.17657934951768886,-0.029920733706355652,0.03714170934865782,-0.19740555046468453,-0.1029181059587487,0.15534418998924682,0.028510281289678516,-0.010769828334234125,0.1726812066087926
500,2022,0.4642315961856408,-0.1437050112492288,-0.06075171847538453,0.21203538531590774,0.091163266789661,-0.0670184664593172,0.08513309381835245,0.005123846168036907,0.19172771439102895,-0.10422037412948074,0.1437050112492288
500,2023,0.5051037273135977,-0.09643604814773225,-0.06352529769558327,0.18125877654784334,0.09650032510440369,-0.06732469013682685,0.06884129937128357,0.004723935301253218,0.14687948192191788,-0.11906774770416241,0.09643604814773225
500,2024,0.5250553663526861,-0.08641764471446876,-0.03238580974174115,0.19420375884261837,0.08613833277388425,-0.07275447571748851,0.04763874046370831,0.020497636681771143,0.19534020023482238,-0.12246387035370448,0.08641764471446876
520,2022,0.5567129772105643,0.4732605970754436,0.1662650238957609,0.04982672061124884,0.0552576025137442,0.01773026139201138,0.03529317748801463,-0.11170448731358389,0.0066171414285119525,0.07856066789326492,-0.4732605970754436
520,2023,0.5567129772105643,0.4732605970754436,0.1662650238957609,0.04982672061124884,0.0552576025137442,0.01773026139201138,0.03529317748801463,-0.11170448731358389,0.0066171414285119525,0.07856066789326492,-0.4732605970754436
520,2024,0.4788017961285087,0.3118405392805961,-0.22394499569809237,0.02081588833729672,-0.17019690785753594,-0.03088126233158896,-0.02434984474328625,-0.058283121629177176,0.05381774489183872,0.010795648078272864,-0.3118405392805961
540,2022,0.5120511429991436,0.3417082400393118,-0.15252328282248104,-0.08420714497646076,-0.05477721275596883,0.03803869388984427,-0.13773732770891123,0.07455358527356135,0.007370671330874158,0.026228085878794303,-0.3417082400393118
540,2023,0.5017944780932101,0.4652298358037211,0.2099776216573382,-0.14021648919871305,0.030680027303974903,0.009217606405289827,-0.0012568974542588364,0.11350786647177429,0.00866991789862661,-0.01377072745170994,-0.4652298358037211
540,2024,0.5044251018098219,0.46315100365055895,0.15516926085640792,-0.1323447359968287,0.0035932737397594253,0.015022019083774343,-0.052980502762952165,0.028360176833678835,-0.05982601471976467,-0.008383474092202033,-0.46315100365055895
590,2022,0.5495322095042223,0.2781424718845277,-0.017719162394661737,-0.016089908001689794,-0.027478624709355685,-0.20091941001599942,0.1108868168246712,-0.08734431728334884,-0.023946949497965164,-0.077520799204752,-0.2781424718845277
590,2024,0.5491027247397543,0.25587014853461765,-0.028257403011861575,0.02661620381734558,0.01716248345915163,-0.17491417210760343,0.047336679501748885,-0.07056643630015115,-0.012558891900499816,-0.06304744049863953,-0.25587014853461765
640,2022,0.4873997122236141,0.14667900263720057,-0.09087880490248287,0.026455927042108873,0.14292558159390886,-0.17398129889145128,-0.07792412381951087,0.03278119146357147,-0.09993988146554778,0.01292867013672389,-0.14667900263720057
640,2023,0.49802338392737294,0.11534842691854998,-0.13290100597875226,0.013473068283639011,0.16349062005063394,-0.1861518444235943,-0.08662414168740828,0.035945745851364,-0.061978410977645775,0.03427559928056237,-0.11534842691854998
640,2024,0.46288291714855817,0.16117779974055652,-0.13743456557077546,0.008608619595837941,0.15376436129659482,-0.19601572458340738,-0.06872248752772929,0.022374899179639772,-0.03808583169841199,0.03847405261880207,-0.16117779974055652
650,2022,0.5375551699496609,0.3694732989454455,0.3091587374728377,-0.0427940556937862,-0.13862451828263314,-0.01403859433792831,-0.0190706036086069,0.004540800504467352,-0.018017891007848848,-0.10354306148986227,-0.3694732989454455
650,2023,0.5507960826369084,0.37685414743136847,0.2940543127964788,-0.059250301523749806,-0.15575113039507504,-0.03052717487908288,0.014870922495198918,0.009463799929036495,-0.01698784644970262,-0.1204945719795459,-0.37685414743136847
650,2024,0.5446798106240036,0.37062219942347363,0.3009677979242494,-0.038755480121412125,-0.12903894579675673,-0.010800698580696093,-0.00919047136036856,0.02974703111366799,-0.016671475160346307,-0.11995484455434247,-0.37062219942347363
660,2022,0.6037941331121619,-0.20777257083946982,0.08074575104401552,-0.23251199612067305,-0.07340618549451387,0.023606552772216526,-0.05983444292847997,-0.08707699927311977,0.0776768142700491,0.06322343306677983,0.20777257083946982
660,2023,0.6089563676801222,-0.18494085450645859,0.12233896925414932,-0.20594247761741505,-0.048908808866295395,0.056353121999931574,-0.09989408093507883,-0.1023774953850625,0.1035132727951352,0.04569923046728749,0.18494085450645859
660,2024,0.5798286009965835,-0.286834046699045,0.09087042020386324,-0.17859428460714352,-0.04736680655978053,0.09446543586166875,-0.12062569705730675,-0.13470765874109283,0.10039610365661909,-0.003173826166136422,0.286834046699045
670,2022,0.4421091944892,-0.39095224562330183,-0.06354972578133553,-0.05946436420743823,-0.07870412455092417,-0.05892391015562104,0.08711986950190545,0.0988854891270507,-0.10401435432427908,-0.03614823747835676,0.39095224562330183
670,2023,0.4311602801620425,-0.4003177203671552,-0.040352179235299726,-0.03434511931798234,-0.064666584046708,-0.07590980117485145,0.09166909516037207,0.05219137518722798,-0.13893945002382682,-0.025584975010926273,0.4003177203671552
670,2024,0.45543866656892035,-0.17167509109359824,0.027660417854345136,-0.026705078803608936,-0.04362249203414787,-0.10272304569037229,0.07407266029585433,0.09354140444554954,-0.01726863643282117,-0.05878462977543146,0.17167509109359824
680,2022,0.46262347087347105,0.007186890806995837,0.01497166978675923,-0.04501037230589115,0.018082858034119437,0.042791942967842916,0.08436990641751423,0.09093281907519803,0.01878030210162222,-0.06814214852594593,-0.007186890806995837
680,2023,0.5102234017390658,0.04874111540882596,0.04928615233701015,-0.07737782507094064,0.08829742913628266,0.08486138620015787,0.06303127624478709,0.12379513763375713,0.06638936674376239,-0.04074801420119546,-0.04874111540882596
680,2024,0.5031634608097553,0.055219515511666754,6.341628184751494e-05,-0.09487442826819052,0.10754822437717348,0.0882750727153145,0.11293845915431416,0.1291518378046239,0.02090869975960976,-0.058006424448116795,-0.055219515511666754
700,2022,0.5937044047209166,0.2554407628772567,0.07519399703638116,-0.09296643051620214,0.0358531182203322,0.02240727133641079,-0.00942051312281871,0.15834638472503282,-0.12770162962193904,-0.0020300597166821254,-0.2554407628772567
700,2023,0.5723446106674622,0.38006734077371174,0.13991475179857346,-0.06382722694653599,-0.003051957508889129,-0.019000766700034557,-0.004582160369013001,0.10781415309575726,-0.0758031362346979,-0.020478038994903896,-0.38006734077371174
720,2022,0.5768066231888945,-0.17742504977206644,-0.30344194209164377,0.10567145143552231,-0.0990360100919712,0.07981223360356807,-0.1380317978414038,0.004669135799312339,0.11160775169383864,0.01924338986554395,0.17742504977206644
720,2023,0.5886064417228847,-0.14800147684450812,-0.3489356089246031,0.05102148980265598,-0.09851013735931122,0.018253914621377928,-0.1356688036838828,-0.006712520121394237,0.07683153423368279,0.04044622424484169,0.14800147684450812
720,2024,0.5867700629628286,-0.23750447743503983,-0.24565492813924228,0.007511135941569554,-0.07396616302386985,0.10957785898255826,-0.08052842390622729,0.025377212887736724,0.07766170351388745,0.05322511697990177,0.23750447743503983
760,2022,0.417141164541868,0.2698298844558048,0.2033326003306047,-0.10732518001100363,-0.06373118520657668,-0.07041173236888978,-0.06746669443552006,-0.026132288434010123,-0.022949780737167497,0.13354945169297622,-0.2698298844558048
760,2023,0.5194904875785599,0.4373656517287077,0.32708376173503023,-0.13114188977875485,-0.06248193377949312,-0.08597236143437227,-0.0948640291072835,-0.002686000259316834,0.05989308078679349,0.06039977784704445,-0.4373656517287077
760,2024,0.5194904875785599,0.4373656517287077,0.32708376173503023,-0.13114188977875485,-0.06248193377949312,-0.08597236143437227,-0.0948640291072835,-0.002686000259316834,0.05989308078679349,0.06039977784704445,-0.4373656517287077
810,2022,0.3915453505677651,0.163241401039196,-0.1309514877908147,-0.3117407904572272,0.21038712180319113,0.09011921146767471,0.1869088885800364,0.08520515153481698,-0.11415466551386208,0.019686047379710945,-0.163241401039196
810,2023,0.4409255825683614,0.17622503948379473,-0.4741004612309641,-0.13260280584555392,0.023802189064772297,0.03202251788267679,0.08582311909656687,0.031125047879140263,-0.12717444060944635,-0.03936577404964626,-0.17622503948379473
810,2024,0.4399746138762583,0.2124989818235388,-0.4261085091600185,-0.1991076179863821,0.08601990078345809,0.04805016555014427,0.17157816090514538,0.06178273259803931,-0.182733446131186,-0.03561365872382997,-0.2124989818235388
850,2022,0.5318907338893449,0.38199472936055284,0.13829047910809894,0.14042847454452217,-0.00792617578756003,0.1361182554051278,0.021266743791780243,-0.14517784575469192,-0.08023322154717674,0.017864914270676397,-0.38199472936055284
850,2023,0.5915385529809843,0.26671683320149137,0.12121383498854166,0.1181418109618724,0.016659140993169324,0.1573729493316185,0.029794775798366892,-0.13035668813863024,-0.07827973409072563,0.034352814727788145,-0.26671683320149137
850,2024,0.580697793911218,0.2610224030316578,0.16781666547823554,0.09667582355796904,-0.04533408283093711,0.15538550247749,0.0015496832364025473,-0.13767863227528945,-0.08494479380118573,0.019939214204426348,-0.2610224030316578
860,2022,0.6215410705749002,0.11927753741365037,-0.27282209164397514,0.03638596274041311,0.08256339910744552,-0.01465179175376097,-0.07738612747568313,-0.02195292951833653,-0.07010450279400125,-0.04795260964102863,-0.11927753741365037
860,2023,0.6391434918765537,0.17898772665988727,-0.2511179892521504,0.06618457518273684,0.09476185360761394,0.09114104855941582,-0.14521530448737935,0.028281509301375827,-0.07501449928092026,-0.02664712164293755,-0.17898772665988727
860,2024,0.634977928261667,0.1864988265497518,-0.27700955941059596,0.07753169458056076,0.08041464434248534,0.034997501526901405,-0.07588714852498668,-0.01085580149166777,-0.04765393290527201,-0.012687603475174905,-0.1864988265497518
880,2022,0.6498427749491261,-0.5442106977716461,0.04189925647300189,-0.09746464787511781,0.027496589585507814,0.05583660536670489,0.03771418348331651,-0.003842313406803506,-0.07156101435238053,-0.00219779194472455,0.5442106977716461
880,2023,0.5886588224361782,-0.3876410251091537,0.14996604253680734,-0.1264371583084582,-0.003964448492145445,-0.06766411482703745,0.05701975275334498,-0.046119227813495235,-0.045245885343904495,-0.004606747512170044,0.3876410251091537
880,2024,0.6750917734819084,-0.5284769558651511,0.04217756937754729,-0.10511739500500739,0.07297963752052086,0.032296403828194285,0.03107233309141245,0.026052422218239796,-0.02479207141743981,-0.011628769387381723,0.5284769558651511
890,2022,0.53453180101984,0.25798040848989945,-0.08676835825580237,0.2582478586972762,-0.0653509777824842,-0.008255005141731813,-0.12797670811474024,0.021657203203647127,-0.08107337435963453,0.04279341717307796,-0.25798040848989945
890,2023,0.5298014494962519,0.2806117776493845,-0.09030390735361499,0.2400730656053297,-0.05387519762249934,-0.023325204611124764,-0.14101689998655068,0.004045006738015849,-0.06200494886135353,0.032716844235400944,-0.2806117776493845
890,2024,0.5006404184333695,0.14927275731426137,-0.13702979659111408,0.3052406453244692,0.03756033111734215,-0.01799872063813021,-0.07157376839897603,0.02563727377863466,-0.041086548360428785,0.020530564903517613,-0.14927275731426137
910,2022,0.5420328606633201,-0.22478506987158314,0.13634876889504718,0.10335136685981426,0.07070566111832423,0.03375250574570515,0.041316943832207256,0.016024871010409083,-0.07780327789547099,0.14938998440808027,0.22478506987158314
910,2023,0.5547177511728865,-0.2126183806048136,0.125378144541169,0.11686310253893101,0.15055735204638895,0.03511521977199665,0.015990033066181852,-0.05640573577490136,-0.07595862611654106,0.1892830797290873,0.2126183806048136
910,2024,0.5601484018843271,-0.230169640150148,0.12985254297569412,0.12480666510793262,0.14107225670574236,0.029710895903361536,-0.0016063962459508553,-0.02007078689032838,-0.08111283920587269,0.21780761134140705,0.230169640150148
950,2022,0.4202695310517575,0.22906801134135502,0.011144705502061468,-0.041822247327322745,-0.09069968817102479,-0.05367645453823427,-0.058305281195007885,-0.12387413551569432,-0.08037365098177147,0.10562772613596018,-0.22906801134135502
950,2023,0.43525558265736125,0.09323047763704044,-0.015386997062781791,0.008668134648210438,-0.057025563405705484,-0.07049236309625662,-0.03980578898418321,-0.16795246701916242,-0.15700421220152402,0.04338303657722139,-0.09323047763704044
970,2022,0.3264699630614351,0.0021180160215283055,-0.11962739450018504,0.36071273070094756,0.1647960668084158,0.06590922586445237,0.10008925430074155,0.1728960044921396,0.15862323116278212,0.08971179913222799,-0.0021180160215283055
970,2023,0.3338677783943152,-0.023054057981674952,-0.09980651646901463,0.37763414643100646,0.16873904195657152,0.02909711152892223,0.09861026789232909,0.18706769190186143,0.17111278127176163,0.08929195411160576,0.023054057981674952
970,2024,0.5200494474875801,0.22907977658387202,0.04215641249467486,0.19484468129745683,-0.0674937786829911,-0.03975676348628168,-0.04553057808730982,0.1707703465749152,0.060542175601229604,0.0638546439885677,-0.22907977658387202
990,2022,0.37720098523361234,0.000878784198971288,0.07122101448910242,0.0008914208642669359,-0.005477148254765704,0.16726365819596126,0.09342271820620351,-0.013097027211539027,0.0955029402929187,0.09870464176840633,-0.000878784198971288
990,2023,0.49133496357107026,0.057673545074439544,-0.3566192497248656,0.0028296041535791796,-0.17264911454234805,-0.023840571862074108,0.06535567060341874,-0.0013628356168529294,0.041136225445628415,-0.003384935122577915,-0.057673545074439544
990,2024,0.4487279059727386,0.11447254866019187,-0.01986769582594406,-0.07287766492769197,-0.0732781275762836,0.05490524699742243,0.179775207068204,-0.06359473940830193,0.0760609522521867,0.11589673495646288,-0.11447254866019187
1020,2022,0.48689175424141795,0.007827838096290373,0.21291223160290754,0.17311473672006392,-0.008188546049547883,-0.164889868737123,-0.02967374137346788,0.0422125162994734,0.04277011063843079,-0.07133813498889437,-0.007827838096290373
1020,2023,0.4628768199776827,0.16368846978726387,0.23722397438076667,0.15441505349255208,0.04014238789342229,-0.17347711340246047,-0.10101473071731662,0.05842792082818329,0.14288643277863997,0.0011722198114091735,-0.16368846978726387
1020,2024,0.4628768199776827,0.16368846978726387,0.23722397438076667,0.15441505349255208,0.04014238789342229,-0.17347711340246047,-0.10101473071731662,0.05842792082818329,0.14288643277863997,0.0011722198114091735,-0.16368846978726387
1040,2022,0.6303761065317136,-0.3286896913855074,-0.12300460376776767,-0.0809809898459229,-0.06737689986049987,-0.055217232982514554,0.0763840402358024,-0.07284337177272422,-0.05175294989083243,-0.01953854325367159,0.3286896913855074
1040,2023,0.6505411835374572,-0.32864598787950977,-0.11154270319677241,-0.04824499696578782,-0.06375316638814979,-0.051363117862198215,0.09359532698722187,-0.0916555700915528,-0.03453697541042332,-0.03842351359911191,0.32864598787950977
1040,2024,0.626862921923913,-0.2688520376153154,-0.1778712058553513,-0.06231846107688602,-0.0936287626321539,-0.014244927240476976,0.11481243631416867,-0.08940322969612079,-0.018504574732655835,-0.052379692659817796,0.2688520376153154
1060,2022,0.42542111249396136,0.09232494009797268,-0.4623150076822129,0.33408848278154074,-0.1472379602153162,-0.02793505467517625,0.04301121842125274,-0.04823842110898644,0.010389631556242394,-0.04244254270082035,-0.09232494009797268
1060,2023,0.4088041750038991,0.10259889210225405,-0.4736744531217704,0.29413198144032104,-0.16158112244578435,-0.02617887375287493,0.02271693192859846,-0.046120863557302175,0.03271459534860282,-0.050506108764698125,-0.10259889210225405
1060,2024,0.4191384273731802,0.11892002661262224,-0.44622783971724106,0.2866352532185734,-0.10328637008075299,-0.028448253652116777,0.0021247180861602576,-0.014972905233503664,0.026224982394072376,0.00449364136187579,-0.11892002661262224
1070,2022,0.4524985965815368,0.2533246122293611,0.27501187324360343,0.005133570234920523,-0.17373310715684348,-0.027287766762086954,-0.005331603407506303,0.016704439609130203,-0.07750685184198591,-0.20233066735882344,-0.2533246122293611
1070,2023,0.4207201070612309,0.3860427615884443,0.2820152315995813,-0.010586911920839184,-0.1673817423737936,-0.04740719948109711,-0.028322570508902693,0.024353130369961867,-0.051669917969366035,-0.16861430102137645,-0.3860427615884443
1070,2024,0.4746375181264471,0.4140221677034505,0.28334139963030763,-0.0050528150008721,-0.18402534300117546,-0.06440308613896983,-0.03902826459093989,0.02610880395724276,-0.07160937488276092,-0.13655253226402939,-0.4140221677034505
1120,2022,0.6631038451703583,0.16476397921308594,0.028023032648848114,-0.16334324448887422,0.06708549848135477,-0.01897190725737391,-0.11086456033946114,0.09763212237960273,0.07706740724943428,0.006952196059478224,-0.16476397921308594
1120,2023,0.671815537782967,0.06845666728310798,0.11710154199160984,-0.15079268197828874,0.09572379482438324,-0.02946794204689274,-0.07524829437962857,0.17637936677003704,0.08094177235211156,-0.048615781610139165,-0.06845666728310798
1120,2024,0.6611550909710904,0.14513780155781925,0.14767111954076345,-0.16980285373589332,0.09908976434507319,-0.06667730931482889,-0.06924892058485904,0.20736662416755453,0.11569689445771085,-0.046100786070852634,-0.14513780155781925
1130,2022,0.46971061169440353,0.11899266762606467,-0.03206522863385321,0.3282788161950694,0.07704483031004315,0.00040359312368381704,0.12333639316494477,0.2078705283097571,0.1355488860844797,0.07358582686389632,-0.11899266762606467
1130,2023,0.4640552993429197,0.09672368718375793,-0.35632054161936877,0.22757172103057877,-0.14419133161061445,0.06612838856597042,0.024893989210467746,0.025780205861793387,0.13339218456679064,0.01762032550012717,-0.09672368718375793
1130,2024,0.5153353925752504,0.14993422064147968,-0.02673513314990823,0.3651574375433908,0.07236975884279875,-0.012192857289001685,0.13019062198456158,0.13660078991368857,0.15207682085991706,0.04657063181410765,-0.14993422064147968
1140,2022,0.3535158487882051,0.14486966311156668,0.11534416389242622,0.01938588128693328,-0.14835281520158902,0.09530963014996173,-0.11153422009647983,0.10764116422086067,-0.11349765882803306,0.18015873155920453,-0.14486966311156668
1140,2023,0.382784601422919,0.21119317592234063,0.031149079942008488,0.07486823160108103,-0.09250650729890761,0.0874834137077792,-0.1398089670947447,0.1321745856645289,-0.09473034490038673,0.20746946796795626,-0.21119317592234063
1140,2024,0.420265821882862,0.2597279435810518,0.07964815129900743,0.06937076475908405,-0.10544833497952494,0.07852951162508962,-0.14055042473667392,0.13862572920684435,-0.07973993569309851,0.1885325639985966,-0.2597279435810518
1200,2022,0.35265837113796294,0.23611973143086012,-0.13383895325351294,-0.2583506378277519,0.27805800171210954,-0.028954509355673633,0.34425238308711864,0.04194430021183808,-0.08755489459807993,0.10233104555140429,-0.23611973143086012
1200,2023,0.3719594458941936,0.26922387463885444,-0.09510430480870183,-0.2361906847069244,0.2417627328498507,-0.023940053721127192,0.32467329102078646,0.03970391123815182,-0.07343905895323473,0.1086931141891982,-0.26922387463885444
1200,2024,0.41934341088922183,0.3095093460966952,-0.052794715042728396,-0.24356839697894844,0.20042434620973507,-0.02696779207667318,0.3143668936700428,0.033522223511456326,-0.07259635815089445,0.11501275600434835,-0.3095093460966952
1210,2022,0.2657003240143026,-0.006205347552460298,0.020637754987819897,0.02858162822557081,-0.019082387944046084,0.10858229917616231,-0.018206259084981222,-0.05102499281945159,-0.0936344774020387,-0.03177057760249066,0.006205347552460298
1210,2023,0.5529418175104855,0.22860816299849915,0.010201683431283044,0.12353719969787628,-0.013172481302291985,0.12081595178618926,-0.029488327586734937,-0.0588825992603391,-0.14856543661874114,-0.019059861056570527,-0.22860816299849915
1210,2024,0.23338348356611133,-0.08517984675664915,0.021201083962521204,0.008008876439880968,-0.02459073838137,0.134097790191477,-0.010272421294766711,-0.06250667614756529,-0.07946728480183361,-0.05299731297029276,0.08517984675664915
1230,2022,0.5976442202002626,-0.04510624271011921,0.005567585107901222,0.0803520076218103,-0.048837303474319485,0.0689433490381428,0.0009723450291589115,0.017306230231297837,-0.020035634542162197,-0.0340233312611671,0.04510624271011921
1230,2023,0.517184971709767,-0.054652567586127763,-0.24309929923729987,0.23784180693293624,0.05922022634451927,0.0406409503003687,-0.010409658016229508,0.030689697900298258,-0.026628030778575267,-0.0331632926894416,0.054652567586127763
1230,2024,0.5974025716713195,0.019329043467678244,-0.12758594463701428,0.04760050841751536,-0.10873924127617017,-0.04584127030768454,0.1174250543642336,0.03787456583521644,-0.07716736744008704,-0.03233709706241197,-0.019329043467678244
1250,2022,0.4338994335229308,-0.18819933254927979,0.09927652520506945,-0.057213979216441786,-0.043474988519287286,0.034274967751475253,-0.005714417392407343,-0.0687884476018309,0.005556887596615263,0.15802183116026244,0.18819933254927979
1250,2023,0.3870188213056759,-0.20280918765846054,0.07945168085945545,-0.03064200810024797,-0.02461921284450282,0.023623541657899837,0.005933948414294391,-0.07319086956044554,0.0015711974264383775,0.14513712265833875,0.20280918765846054
1250,2024,0.5807538992817685,0.18409972060838928,0.1698082271763105,-0.09386064786095857,-0.23062045120386127,-0.010658672468993798,0.032045152276891344,-0.07225228795477066,-0.005829297065169006,0.04598016922605935,-0.18409972060838928
1260,2022,0.6289727732399429,0.14709402775912045,0.05449455423271113,0.19776355727053269,0.20434987707307492,-0.09799902626056788,-0.019699693198439918,-0.10923360311478583,0.02889009873673569,-0.10857903853900809,-0.14709402775912045
1260,2023,0.5899102524715525,0.26164847718493994,0.11583515428350222,0.17311239035796744,0.22219078973975429,-0.026050804661237093,-0.03575146067789262,-0.106569097486703,0.01267714688196251,-0.08104022107809322,-0.26164847718493994
1260,2024,0.5619715861084276,0.2578004054822165,0.13393667781608956,0.18444510305043393,0.2404150554989617,-0.01188446398922602,-0.0324891883096049,-0.10699719062663404,0.02668168656908633,-0.0848731353582029,-0.2578004054822165
1270,2022,0.519575038409776,0.3968629223377128,0.030451877988221746,-0.15319671378571034,0.15232218628723485,0.011559919377177036,0.05048131499091618,0.08550166008891436,-0.16017543187653047,-0.01800299509761894,-0.3968629223377128
1270,2023,0.5359017419824278,0.37133711249670204,0.0017126055796111317,-0.15295540238168556,0.15525240265365478,0.010637236472670609,0.04672584243242791,0.0877942947026429,-0.1692776039795104,-0.03507681347875541,-0.37133711249670204
1270,2024,0.5355747762040218,0.3697681899142052,0.011806149585237992,-0.1625614858241627,0.15774456340566273,0.007877465655097836,0.05328491400665299,0.0785730752409226,-0.17435509038522642,-0.03188075727498059,-0.3697681899142052
1290,2022,0.36923678297463314,0.3366914666165505,0.24893908056142777,0.03947723739028552,0.10269113411073694,0.03337800118466216,-0.012898701448176895,-0.04682054437157667,-0.08804816579807295,-0.011728009490350485,-0.3366914666165505
1290,2023,0.530534386149585,0.20442602425676984,0.13648418140464108,-0.08811383937674945,0.06897952748750054,-0.032727629624096345,-0.029432747679258985,-0.06673959674778793,-0.14758488663756655,-0.041209860339745635,-0.20442602425676984
1290,2024,0.5401505959896987,0.3158179802730767,0.11772022793483107,-0.0608802079167789,0.06013500374099458,-0.04381182589517228,-0.028093341861734053,-0.1396094313273133,-0.01937950243609434,0.005597197071885265,-0.3158179802730767
1340,2022,0.48292771494887476,-0.14746532099595486,-0.15411154015393255,0.12822964978837187,-0.12328148577940419,0.003274081251586008,0.05014501976785323,0.13435075113447595,-0.06887183098414248,-0.13384291753468144,0.14746532099595486
1340,2023,0.5514698100474209,-0.05843067078078955,0.31964732670375257,0.062417968431225046,0.0564330581946421,-0.10006065935816236,0.057351829656503005,0.11596371238759125,-0.021020215337012076,-0.12990701345055988,0.05843067078078955
1340,2024,0.5543652111621457,-0.08071299991703872,0.3092486218444977,0.06320817555822301,0.067376621307488,-0.08385801769694366,0.037564284197484775,0.10824511104508314,-0.04669079220466738,-0.11877197199443423,0.08071299991703872
1360,2022,0.2809452551608584,0.09593861775031931,-0.14781219673009452,0.38107313655002584,-0.05104698068815781,-0.10992071033200998,-0.14498752462300946,0.004536184762411819,0.06667817911124656,0.018336503416187762,-0.09593861775031931
1360,2023,0.2259342728679262,0.07742503558607339,-0.11508308766906791,0.3472820890080404,-0.06025034057640067,-0.10052431558087457,-0.11107543000799096,0.022969149239150867,0.10383290038076395,0.012818047197634483,-0.07742503558607339
1360,2024,0.32429119577897164,0.18415482944442316,-0.05595950762856907,0.3007687211849905,-0.10716460456642574,-0.07138802520499563,-0.09289470807430325,0.009050788490829437,0.10910716421395095,0.03477803147592834,-0.18415482944442316
1380,2022,0.5403033501966895,0.14767786266016483,0.2197580398123867,0.17808376430982348,0.006973011162565836,0.3592866584987394,0.046039229679562206,-0.0034175820467233662,-0.05199446807300575,0.08384145261786011,-0.14767786266016483
1380,2023,0.5403033501966895,0.14767786266016483,0.2197580398123867,0.17808376430982348,0.006973011162565836,0.3592866584987394,0.046039229679562206,-0.0034175820467233662,-0.05199446807300575,0.08384145261786011,-0.14767786266016483
1380,2024,0.5734868668416478,0.15839613565089072,0.18900152766224046,0.15791020310113096,-0.04272542119133138,0.300757206118483,0.09832209312630462,-0.023902569791747832,-0.06290362048875045,0.06310224305217044,-0.15839613565089072
1390,2022,0.5991152894798396,-0.3681100118220243,-0.046370719000035816,-0.030673427970260823,0.08303382650121596,0.015636765809393043,-0.04708577577721114,0.09566422578863844,-0.0299927891361686,0.06242581653107654,0.3681100118220243
1390,2023,0.6088601750689666,-0.37207687770015396,-0.046868477760952626,-0.025060632697956393,0.05899477485129327,0.004301427766366066,-0.03954512606171133,0.05892822122851885,-0.03520162504362117,0.06505600095470153,0.37207687770015396
1390,2024,0.669408227459041,-0.2984742519359056,-0.21249996913308777,0.0047832015361415296,-0.01956418526719205,0.04366583572176002,-0.03846390473443489,0.007910318404363351,0.028822621208725148,0.037573238415493544,0.2984742519359056
1420,2022,0.4959658339690334,0.17702058802861378,0.2644527102095251,0.17323448535864305,-0.02714416336166658,0.31143294982536157,0.19829396826212625,-0.08889840679448607,-0.02837688997764572,0.0293960320917439,-0.17702058802861378
1420,2023,0.5152455780932429,0.256949227218555,0.33221991135307183,0.025503273328492365,0.0100495008128813,0.332233404708885,0.17621184139300677,-0.09990325598188002,-0.020128538226473126,0.03536370763344707,-0.256949227218555
1420,2024,0.390924992387051,0.03907521405321662,0.10935901890888347,0.3550409969770243,-0.03226371013137448,0.17605697329797476,0.210509027954499,0.011276004402580477,0.03930558074165231,0.012425748187737166,-0.03907521405321662
1430,2022,0.39609181328169407,-0.2497776276374652,-0.09309663068558982,0.011575358778344655,-0.024254733436753877,0.08162225835055681,0.056667697275332225,0.06653088598454361,-0.11384222112177163,-0.03445328200703654,0.2497776276374652
1430,2023,0.42959345490896605,-0.3072259063029673,-0.07288300518233681,0.02727942454550114,-0.028024007366123187,0.09404955565525627,0.07197763086163268,0.002036448299643834,-0.09852477491527165,-0.05148595045577271,0.3072259063029673
1430,2024,0.4427543926469139,-0.2859658933976036,-0.07669391963502924,0.03376619458157851,-0.024764039120775596,0.03650607156692889,0.05010496583915455,0.02839198596153772,-0.10614077353404848,-0.04142126453622804,0.2859658933976036
1440,2022,0.5920417482661364,0.00023613449210420988,0.06046344001036184,0.10234969708558642,0.15072280161920276,-0.01030365757091817,0.07028538713259017,-0.04359243682503185,0.10927823802344723,-0.06387598382998702,-0.00023613449210420988
1440,2023,0.5485675108616446,-0.003026250817877253,0.016860534494134435,0.09605488055938458,0.11587207304398495,-0.023638603851248587,0.048326084037978785,-0.09694282595165629,0.04501196331244118,-0.0755324380371161,0.003026250817877253
1440,2024,0.5387350307966283,-0.07166881779407963,0.04965170864261951,0.02795208818283338,0.08909846359244371,-0.0162952210749041,0.04414952277003973,-0.09312007428310347,0.059331048061561954,-0.08226878934230501,0.07166881779407963
1450,2022,0.34345375356575375,-0.02906913272083366,-0.14062642647310375,-0.07346356471976104,0.04306496031263964,-0.0550477799824924,-0.20711302797181447,-0.08699197496270733,-0.24503225219583585,0.2322350614387295,0.02906913272083366
1450,2023,0.33220301847357925,-0.039887254847447914,-0.1393564030511143,-0.0748207959833789,0.04626355412854327,-0.05599423568487722,-0.20574106164399725,-0.08934982636461239,-0.24630207611839997,0.23688794691317203,0.039887254847447914
1450,2024,0.28471337946822095,-0.05307258385449375,-0.12148913249532951,-0.05446186538674464,0.04757817623847822,-0.05396846485915365,-0.14906251010932223,-0.1134032928954533,-0.25817622974241555,0.2058445112175694,0.05307258385449375
1460,2022,0.4282573727946315,0.46937548523008676,0.2985628787847542,-0.12882271440845627,-0.010868538098820995,0.06025132907951775,0.04434523048162688,-0.09296525853813642,0.026004240825281934,-0.020476237333358932,-0.46937548523008676
1460,2023,0.44126530068853653,0.46400079358262303,0.2852293489790273,-0.1493557095590695,0.004552952653402149,0.055264438951585,0.010607099710562659,-0.08874129303195522,0.03878988473263761,-0.0020435006927938216,-0.46400079358262303
1460,2024,0.43737058845235327,0.4600108141947807,0.27958966215553394,-0.14853628523352377,0.0007499363138627826,0.053840842921925085,0.008525659828895823,-0.08935220193496507,0.04396001393206574,0.00530822710607555,-0.4600108141947807
1470,2022,0.5838757725505358,0.16074677990621325,0.07441765288842353,0.059485674044614745,-0.018962300017067325,-0.08082461580229379,0.08454992926782763,-0.12612352805537172,-0.05209897469512917,-0.035316759252911854,-0.16074677990621325
1470,2023,0.5546439497243354,0.08345873951292533,0.03381330542409516,0.12681015549166286,-0.023565188741925133,-0.11222867173164837,0.07568956396252689,-0.16568612076638417,-0.020896881300912763,-0.07468560248855605,-0.08345873951292533
1470,2024,0.5069019418563138,0.03911033102278434,0.0550171081432579,0.08320446992678072,-0.014286034296195129,-0.11008513406589164,0.014831262670243157,-0.20055348439474763,-0.02221630711458778,-0.056614661133929954,-0.03911033102278434
1500,2022,0.5078307747021782,0.3164446244138452,-0.2954270458022942,-0.16740252841304396,-0.03540154952397837,-0.02492549142100144,0.1136853543953499,0.013611675213324287,-0.00996543700267806,0.011428552671479063,-0.3164446244138452
1500,2023,0.49646729558616154,0.2873581226178509,-0.33772841428134304,-0.17462349753669676,-0.020483727416069714,-0.03732441804239052,0.11046748942079719,0.0014764937299831208,-0.01473950624814925,0.01220886314985427,-0.2873581226178509
1500,2024,0.5093796910867204,0.2659489815747216,-0.35249327846290146,-0.14408859771364801,-0.04695928015122636,-0.0481472427065496,0.1021567995829728,0.001157380332534586,0.007781250648746781,0.019737110820885063,-0.2659489815747216
1510,2022,0.5496455879039873,0.22820811117589856,-0.4338180640980589,-0.12715975488333978,0.1584603609032339,0.0030652890805238316,0.03927934441650555,0.0735211907543003,-0.05238151348810144,-0.04862761151042971,-0.22820811117589856
1510,2023,0.526049419151681,0.2412702641238324,-0.42993691899135505,-0.11573985236701932,0.22909277813170137,0.018999841724389108,0.08042721741339806,0.0868507067684349,-0.07595248972039831,-0.03650101808582343,-0.2412702641238324
1510,2024,0.5600023208115683,0.2596093634221225,-0.3840204893202722,-0.10900320198800276,0.1416176626539091,0.023465616009189536,-0.03130975021566504,0.041315409076810874,-0.04849657802619679,0.016762509762679376,-0.2596093634221225
1520,2022,0.6259913911007579,-0.10962528632098248,0.19389880886974684,-0.05836997283357655,0.02189186966748406,0.010329793999794478,-0.07070279618886428,-0.03084024865318826,0.008706034757354895,0.027396755675743463,0.10962528632098248
1520,2023,0.6638126656107189,-0.050981442368571724,0.26427842424741144,-0.05513167353156542,0.04123896333737517,-0.027532171991456904,-0.0830103917883166,0.010935189267750979,0.03460437099899778,0.0067678743023997295,0.050981442368571724
1520,2024,0.6556691793676452,-0.038052164916996846,0.25961575564732864,-0.015365036932398754,0.0077258322487748325,-0.042787418217158917,0.005184417661194084,0.053408952824650656,0.05036667728300358,-0.019905392882960685,0.038052164916996846
1530,2022,0.42885303135571745,-0.017166418182071548,0.10567923750590917,-0.0037192025490445165,-0.17753387054921113,-0.14314627762819104,0.08817428329986328,-0.14892593575477195,-0.08822014614347733,-0.10119803240656404,0.017166418182071548
1530,2023,0.4235251619776468,0.08129240581865976,0.155962626702972,-0.04852983407282235,-0.19967359973558885,-0.05653765706743528,0.039420206867134516,-0.16569821263104953,-0.05438400645006639,-0.0025972942873633614,-0.08129240581865976
1530,2024,0.43576185640390863,0.010946927937582361,0.15523850168996448,0.019200537216090427,-0.13436001863253477,-0.11047252995086566,0.07075150844355037,-0.17354746341152444,-0.019348458358073573,-0.06743236809233608,-0.010946927937582361
1560,2022,0.3851357267105182,0.14465872337486785,0.04563429095314971,-0.0026963690706321764,-0.25877487268339894,-0.11837554330495124,0.13603744015965386,-0.1801765906080957,0.14308743369823346,0.2870813398014791,-0.14465872337486785
1560,2023,0.4100758187378157,0.059196467240942234,0.11879647397892913,-0.04178913802785524,-0.1847365474874137,-0.19488191897067775,0.15611664929360877,-0.22039962218809853,0.13006715504512012,0.2629708836528465,-0.059196467240942234
1560,2024,0.3997761596819992,0.17424982357365373,0.05351526644782644,-0.016172242393457003,-0.2646106877704931,-0.1151605878010489,0.12283503321956041,-0.14529133941061476,0.16474994501164814,0.26430710313024613,-0.17424982357365373
1630,2022,0.4712209994567176,0.09228286726154088,-0.2852220813622438,0.3682109327805361,-0.10016251593598371,-0.05054617058588291,0.03396794797899563,-0.023115669488696103,0.01609976425624144,0.08553623022236737,-0.09228286726154088
1630,2023,0.49621824684925814,0.07023727770422451,-0.29883483224042423,0.362248971548721,-0.09103126392230146,-0.05358764350527487,0.014240057059536293,-0.014740955385300786,0.024476227919062562,0.08796271420399712,-0.07023727770422451
1630,2024,0.48973746678610236,0.030796070839573975,-0.29263445535721183,0.37573110172978597,-0.08739187393629795,-0.058246369441070825,-0.030160330374519435,0.00967451528802691,0.03142321150426784,0.07882259498917574,-0.030796070839573975
1680,2022,0.5341150352197566,0.2813322180951682,0.19937272346960613,-0.07125735615205708,-0.22662630881729115,-0.14315810993612874,0.09767355944383418,0.08949902525664846,-0.04589482345788099,-0.18148127653012308,-0.2813322180951682
1680,2023,0.5492270202949344,0.33174204685963743,0.20054568844995418,-0.08349960109242263,-0.24143065843727837,-0.14217892274334545,0.09495598554910538,0.09895921392002056,-0.027728885826974158,-0.1718127911609067,-0.33174204685963743
1680,2024,0.5548090477222668,0.22815003698956035,0.1081252848965015,-0.06163231646223915,-0.23860945054452062,-0.11858009793480187,0.1849678607144751,0.09086174308840977,0.007846629934162595,-0.16225401272719286,-0.22815003698956035
1740,2022,0.5191825816666433,-0.1130091801693131,-0.10529304676806699,-0.07775284315414838,0.11514131817901184,0.04111841532658552,0.002492541866767092,-0.25637972758293853,0.05460770818143998,-0.010406502806668105,0.1130091801693131
1740,2023,0.4987025964701222,-0.09207503706890235,-0.0995872918066816,-0.06603405649455095,0.039987411763455744,0.059977165141925144,-0.054714721624659006,-0.28790683135800565,0.07140487845540539,-0.05414104418024785,0.09207503706890235
1740,2024,0.5233289265484152,0.09504191484698127,-0.06882514244474867,-0.19393567526679026,0.13243721815683387,-0.035968255506222124,-0.10157296604278696,-0.1761760315196336,0.0111418276217106,-0.04440777482967128,-0.09504191484698127
1800,2022,0.48747497396382483,0.17135452108858,-0.15768486232516934,0.2930326450912545,0.025314654588013786,-0.09412270285085657,0.16509339304632106,0.1244393718842733,0.07446934507267762,-0.06965838409570685,-0.17135452108858
1800,2023,0.5539137538037319,0.28488441302700845,-0.11954227750094165,0.1661535552193531,0.10954338116601517,-0.04932138038601362,0.17073763249033982,0.205624651304083,0.08245082166570737,-0.09236930761646213,-0.28488441302700845
1800,2024,0.5570628246439869,0.27706706529817104,-0.08601826481489905,0.16762095356183712,0.12192141698254624,-0.05400330520399293,0.16092775736025994,0.20421096781146142,0.0856890349668468,-0.08461895140889024,-0.27706706529817104
2030,2022,0.572873487606072,-0.3820364991008161,0.10176693072060972,0.1379865407475673,0.08652850053925336,-0.20043235426175357,0.1257081303641757,-0.09841566689989588,-0.08274398581586279,-0.10913664352441634,0.3820364991008161
2030,2023,0.5803889884507186,-0.40977112667174775,0.13201497912864138,0.11050657251992524,0.09812286668663553,-0.21439436968150283,0.13703170832034586,-0.0736139562495078,-0.09404287073265051,-0.050726908960642234,0.40977112667174775
2030,2024,0.5856907047061787,-0.3985517486944271,0.10105745780340722,0.12831600394403833,0.09746620682705993,-0.22344787007819022,0.14444877948925866,-0.09380546228891941,-0.09698353540110925,-0.07466509619682919,0.3985517486944271
2320,2022,0.46611764500395036,-0.073782576088362,-0.02781204256813094,0.014732194557183713,-0.04047199783510926,0.1672554963742321,-0.031378346504315445,0.1712893073189412,-0.08090920747722445,-0.009619851449059611,0.073782576088362
2320,2023,0.5649549188581329,0.013542481892957942,0.05541237005331989,-0.04520042155459502,-0.01911020332792934,0.15046763192908516,-0.04892195735874564,0.2091870357532715,-0.0490364176303084,0.008113856909874526,-0.013542481892957942
2320,2024,0.44033432953629376,-0.1227495782308745,0.043231356237831885,-0.012269434567798044,0.02390671466710421,0.1487598768192668,-0.12031510640531738,0.19611616634083853,-0.09230441056459544,0.047661549475283664,0.1227495782308745
2350,2022,0.5854818626178472,0.013869719389802195,-0.02642451444500274,0.13488866507148906,-0.002677856734273815,0.07309219127215517,0.0012942598877283106,-0.10999290648142152,0.03558573797300517,0.09072475374140287,-0.013869719389802195
2350,2023,0.5835219357075144,0.03274747150598897,-0.022576449950289946,0.12784307676116038,-0.002221410875076793,0.07600246404443096,0.012840480899565652,-0.12096265227326417,0.03166524839459728,0.10772145738294793,-0.03274747150598897
2350,2024,0.5706883617948606,0.017397946636209177,-0.032577416419548935,0.1360294759096413,0.00032817199531370096,0.08492044760388637,0.023489314452695115,-0.1269969650798927,0.04044369072357108,0.10953090660905986,-0.017397946636209177
2600,2022,0.397063405968358,-0.13881152429141821,0.11758003160255462,0.21465260238358844,-0.02777775836107906,0.02111525638222768,0.010150212434538723,-0.12022948454624174,-0.053748733465480716,0.09792133824122534,0.13881152429141821
2600,2023,0.4813401067631968,0.06082428821158434,0.2644862445143942,0.19902229545090702,-0.12353995319424779,0.035684310526440756,0.015898625198035605,-0.08397398135050033,-0.08498440502693735,0.12768025029244856,-0.06082428821158434
2600,2024,0.5221681786757736,0.055449190148119165,0.2354800245264888,0.13315354418916703,-0.0928249556790534,0.05173249437911774,0.017978722790844007,-0.169392099931106,-0.1772212482649194,0.10650959656047237,-0.055449190148119165
2790,2022,0.6549695141948664,-0.24374780975935678,0.15245022978520742,-0.18016411811870542,-0.11325416994022158,0.007774105979692273,-0.08510477732159198,-0.07384835940035729,0.07611592442005027,0.05323037938766075,0.24374780975935678
2790,2023,0.6188987150000944,0.31747178661891384,0.10629717718692248,-0.1443241280894818,-0.21381350257415813,-0.14305505093688797,-0.08055046372487512,0.03894031496335293,0.09341712216080332,-0.025275897014198676,-0.31747178661891384
2790,2024,0.5693446083101349,0.43966961371208363,0.24411365834707152,-0.14900873226971775,-0.18693737143879258,-0.1125329087263822,-0.08402825292349703,0.11416702104752723,0.09714847609382266,0.008989203642797948,-0.43966961371208363
3240,2022,0.4986219487586152,-0.017012490065881673,-0.34066717003207764,0.06848370105553156,-0.061798949598985395,0.08805838731830988,0.07035639522277086,0.20375077739215014,-0.029822606979736453,-0.007642894617753087,0.017012490065881673
3240,2023,0.46641724270027735,0.07041002750205591,-0.36413578118367335,0.06490167238440407,-0.03615869701783651,0.06341921624581695,0.06116800655824438,0.1750456852505855,-0.037285797916824744,-0.005054615732638331,-0.07041002750205591
3240,2024,0.48543207583122716,0.11456639728630404,-0.3704249608147552,0.0728784156073673,-0.10166639194853369,0.046068522388134546,0.05711187104334013,0.12816448799254898,-0.014163640356179449,-0.017358470483102136,-0.11456639728630404
3280,2022,0.4544354926780922,0.057066923536683765,-0.06113522114299849,0.04356005299095872,-0.07679754205821876,0.061500121382472336,-0.1484335698972088,-0.06457502604594233,-0.11732701867519763,-0.16138368796437855,-0.057066923536683765
3280,2023,0.474118979808443,0.10567283484695333,-0.04046227332114429,0.043975661745369314,-0.09292273154481531,0.043778765968008185,-0.14375711210995004,-0.06284234756858245,-0.08286962934046363,-0.14226401435718947,-0.10567283484695333
3280,2024,0.5011535513931937,-0.03337831324997434,0.009807746097206077,0.13753623322043437,0.0022596093063501905,0.21519234996360231,-0.09210882142980417,-0.02130947824206565,-0.14542095469067395,-0.07492800511693695,0.03337831324997434
3670,2022,0.5753853879450889,-0.28201288533186386,-0.21539566926243112,0.05946132166593455,-0.18529066328864968,0.09968104567156234,-0.025234054865128905,0.11396588591077399,-0.1833008413083243,-0.19605225463664847,0.28201288533186386
3670,2023,0.5640415185797346,-0.26453161368603667,0.056349256455017475,-0.028264190489590602,-0.20014041161046733,0.07901247044271476,0.013628506293443863,0.1081804711559781,-0.1598373986926931,-0.20862990592019984,0.26453161368603667
3670,2024,0.5641089699957254,-0.31933590621387614,0.007748602122717073,-0.0718463580046223,-0.1695129546689466,0.0616087670433294,-0.01519917222566711,0.07155106250741931,-0.1531900203290149,-0.19614808801755704,0.31933590621387614
3920,2022,0.4640093134348706,-0.02750774738010436,0.05631357733566083,0.30196645197689764,0.13194216712038165,-0.006490080778828809,0.14547247864589163,-0.018817389552468287,0.15128207754075246,-0.04088544173674301,0.02750774738010436
3920,2023,0.5086740705571167,0.09330958310246788,0.03907379231917303,0.2902762299458051,0.16445821175823455,0.010480707597762375,0.10884759583882149,-0.01816968920042706,0.13086572611363398,-0.06736225904627494,-0.09330958310246788
3920,2024,0.4476533337615799,0.11364458470533109,-0.1270741030455719,0.17634130043705548,0.05091544315521994,-0.024538782486280046,0.025654769243248093,-0.05491197089249974,0.12165133093342595,-0.04203606348000154,-0.11364458470533109
4370,2022,0.5852491472377114,-0.01399118682134066,-0.31139327392852323,0.19370454350905236,-0.11965468675604471,0.09641725372481044,0.1458754607013168,0.03112774068345295,0.05562771515802296,-0.01888100808747431,0.01399118682134066
4370,2023,0.5792599032002089,-0.040866049447273026,-0.2695624860587258,0.13929157679040838,-0.14122902813534138,0.10079134658044382,0.14557573991749043,0.051808801846843014,0.002061802688260916,0.04284810323580931,0.040866049447273026
4370,2024,0.590535233854605,-0.04524927508431091,-0.2832197947391315,0.14104369304970657,-0.13190325242875092,0.097690136100592,0.14071040214344324,0.04928401237842635,0.0018203216875389192,0.047229677878869794,0.04524927508431091
4540,2022,0.5569861250775481,-0.11576171402277173,0.0759184281125395,0.12983502182133802,0.069394984057878,0.011831353120114815,-0.05962262941109716,0.006195922175999656,-0.1196866148782564,0.06206039764890289,0.11576171402277173
4540,2023,0.5538980466197158,0.06902174458519081,0.10273858863006437,0.19988658060066283,0.10211035026280775,-0.030264508892404656,-0.04755160021704773,0.03867805656809122,-0.08852580816776644,0.07009506758634396,-0.06902174458519081
4540,2024,0.5344661749404318,-0.46723225053900497,0.12924099264102393,-0.024563795503824794,0.10116286622185561,-0.13026307437695572,-0.03746584333190924,-0.12376160951022959,-0.04550678754335006,0.05490995394176599,0.46723225053900497
5090,2022,0.5205662667540879,-0.4981377079748123,0.06623663449555912,-0.05415251536463925,0.0157416533264648,-0.1281731551702044,0.1175120244983159,-0.045951468594709895,-0.019256586070602353,0.03878173779521496,0.4981377079748123
5090,2023,0.5148249951564842,-0.5057177625062047,0.046891145128747765,-0.044965971406436156,0.024869189927145305,-0.1459689799360481,0.12779801327587856,-0.0560288672626251,-0.03412840355523039,0.031919011469843536,0.5057177625062047
5090,2024,0.5166413410368074,-0.5167538855940439,0.04122369959713459,-0.04970613897794111,0.017887594752813707,-0.14444131447883654,0.13260280524606952,-0.05387302207297018,-0.041500457895296404,0.016020344642682077,0.5167538855940439
5290,2022,0.7124542798484981,0.2506745377232247,-0.06236986893666427,0.1017758133550048,-0.09795056012142865,-0.04832904599557923,-0.049194453632640016,-0.16014973653716447,-0.0388142422696123,0.04709311303111397,-0.2506745377232247
5290,2023,0.7134825216395453,0.2563241394717122,-0.07739612919780148,0.14918568590846573,-0.07053204237041893,-0.025834211524010928,-0.04396195461617357,-0.14995239630243445,-0.04956945104490915,0.03312775336207116,-0.2563241394717122
5290,2024,0.7046186450694317,0.2143719884634587,-0.07110758067999852,0.1381237672897375,-0.0633702426593667,-0.02368960130146785,0.00493732839601884,-0.1498301471528227,-0.04064892821799248,0.034724730878902314,-0.2143719884634587
5380,2022,0.6881877745711842,-0.11566680734485128,0.09244737343141445,-0.14070341282350243,-0.03678997868646254,0.2529250653876041,0.08253094684842645,-0.037180929600664325,0.19174637252394072,0.0037780471149636507,0.11566680734485128
5380,2023,0.6797479969190493,-0.07691389063924071,0.07721782087002291,-0.1848610857761162,-0.08359152821613021,0.23189101614571556,0.04449511117734441,0.0003687219257436515,0.19730625368702043,-0.022409522856130352,0.07691389063924071
5380,2024,0.6578954213946493,-0.09946787656466512,0.08418041258593835,-0.2028922850067068,-0.12064718090815159,0.2364902338956639,0.05784327745471243,-0.003598966335151905,0.17270924761431555,-0.04162660119925438,0.09946787656466512
5490,2022,0.6436657694112745,-0.5471728165176175,-0.022646079260674336,-0.0684699083484408,-0.058749644568024874,0.06757757397386766,0.008715476531992282,-0.006023080793318286,-0.10325694457593991,-0.09241735990240182,0.5471728165176175
5490,2023,0.6258680438780291,-0.5582833942226414,-0.01186525962352898,-0.0763863128425049,-0.04522222526510135,0.10739831977493787,0.007387019314580051,-0.005592858042181645,-0.05113214240740661,-0.07155318095714966,0.5582833942226414
5490,2024,0.6483646927614696,-0.5559361734803591,-0.03808551129295322,-0.07451614947704174,-0.016466467167401563,0.08410415484689522,-0.00821678332413976,0.017084534684218722,-0.03548542171865573,-0.07994091981840686,0.5559361734803591
5500,2022,0.5219133352457361,0.1700399145520121,0.22701136362608107,0.1515255658003874,-0.05174829201677548,-0.05603723106416898,-0.04611699462039946,0.0803794376589628,-0.11305853703706681,0.011383118761616616,-0.1700399145520121
5500,2023,0.5226018111402739,0.17488837906876867,0.23591983201626662,0.15739801972106812,-0.04794609329570873,-0.04769975618501894,-0.04464006801135341,0.08705774006767307,-0.11712333119313122,0.010058482531048392,-0.17488837906876867
5500,2024,0.5169002642741569,0.18035626903552893,0.22017121321516245,0.1254762429410226,-0.055641523485414686,-0.04774806738792061,0.002654582034159147,0.08134206072496032,-0.10040924292870566,0.012077314359536764,-0.18035626903552893
5610,2022,0.5551241877069484,-0.15250811008123855,-0.0013769935189644218,0.0841425764996355,-0.08811553400467323,0.03132222304298769,0.01402182469794277,0.16349829583803052,-0.12412200675430488,0.051809152403275924,0.15250811008123855
5610,2023,0.4956728427006833,0.01709471044910715,0.06503103667590796,-0.06194082960949863,-0.08088971823318541,0.008356797430570852,-0.14192195359682538,0.16632930559730397,-0.05306863669841628,0.09804108443286337,-0.01709471044910715
5610,2024,0.5528185878290136,-0.07516685309915704,0.03598143211251303,0.04681562946112512,-0.060575613768417635,0.062169184750556675,-0.010074381356187372,0.1877651574798069,-0.06693817027705201,0.08296981191686058,0.07516685309915704
5850,2022,0.6079487379602824,0.042064209862007165,-0.29567383698196326,0.10006330099888018,-0.15240366241447176,0.1452229469748831,0.02418074709178409,-0.04164371508433281,0.10640884575913359,0.0254710352123892,-0.042064209862007165
5850,2023,0.6538347841413816,-0.004523470651221716,-0.2441579503460219,0.03948743579085065,-0.14860733708147658,0.17155643200459167,0.03852878801421201,-0.04719005198976403,0.06990000384766873,0.015688971072620104,0.004523470651221716
5850,2024,0.606353667368348,-0.017121011822841235,-0.22448120960097664,0.029223586811599544,-0.15791057931887187,0.16626333705152785,-0.016031339862433963,-0.05329409095499202,0.06954435214549247,0.014086629456892718,0.017121011822841235
5930,2022,0.7190008378204262,0.05743420154440668,0.06444060315613546,-0.18832077652856666,-0.12941661785025504,-0.03845013630583485,-0.006086398294240658,-0.06554430312039998,-0.031243810954504556,-0.05745203147269332,-0.05743420154440668
5930,2023,0.707510225794254,0.10385685071147535,0.04100793598697726,-0.1915538233418982,-0.11954269353469915,-0.06954917864957431,-0.022622467324490515,-0.028362465596298795,-0.03720519643893783,-0.06208639870734253,-0.10385685071147535
5930,2024,0.7175133075026598,0.1210342995917065,0.07821339482886196,-0.19723923105309066,-0.11341564960249491,-0.06209889059467598,-0.05942807866215898,-0.04045895543342671,-0.01434003393385675,-0.056003940087092974,-0.1210342995917065
5950,2024,0.6008683441065928,-0.11430300451483119,0.16853519659947885,0.15548035986216635,0.052512345252472364,-0.12334756735794812,-0.09585605477330902,0.012148791794806534,-0.016998269144148266,-0.07146210518902196,0.11430300451483119
6400,2022,0.5214310669064638,-0.2141977534347375,0.042149173070356705,-0.08461625617884083,-0.2298551496267256,0.15847295663566935,0.02687167781294761,0.08284872714138312,-0.19101459238912374,-0.0015205063842992402,0.2141977534347375
6400,2023,0.6603659165668659,-0.16689684441642183,0.033976146647430594,-0.12629854600106813,-0.211537447434239,0.08352245063118378,0.02731763057731055,0.052546955707212115,-0.15484922540396254,-0.03788113114390255,0.16689684441642183
6400,2024,0.6376738542652787,-0.14069297769208014,-0.0018861393415702185,-0.11921269182259644,-0.2687761920198684,0.037215763851471836,0.003216003950230022,0.028994672906350855,-0.14434862710644655,-0.0318845973098928,0.14069297769208014
7070,2022,0.5363637059838767,0.12082040941154386,-0.15904146615139997,0.03394289181390408,-0.07016102592708001,-0.08396411997700808,0.038427560086804424,-0.0765555122086084,0.18980221617770063,0.043548092379711585,-0.12082040941154386
7070,2023,0.588329387226434,0.1775957021487357,-0.14706850746209804,0.033700651739567794,-0.08969121883805392,-0.0892740148536428,0.008754330518017144,-0.02601700833570867,0.17382520402203128,0.10409428777114739,-0.1775957021487357
7070,2024,0.4592192537593497,0.17287178988633967,-0.18710583960631563,0.0829976233472641,-0.016676022098875518,-0.08870363340502847,0.08307392162410768,0.0714794852015379,0.12477573305575473,0.11981965974468703,-0.17287178988633967
10130,2022,0.5919722995177827,-0.1990552362578381,0.1606332108178352,-0.0884727244743996,0.020793487588525023,-0.1425767672323434,0.08516333765099904,-0.008750512267522763,-0.0512421855895967,0.06646482974427918,0.1990552362578381
10130,2023,0.5738891275881391,-0.4033985473480292,0.10877227000975957,-0.06572333908559859,-0.07878109573801241,-0.02450941010840929,0.05480356507952866,-0.02766024064591296,-0.02121993706705194,0.10926471438277997,0.4033985473480292
10130,2024,0.5930810812066982,-0.37070588502280877,0.09082016216878644,-0.06358663629685102,-0.10174505800240415,0.001202575805913811,0.029810727382564108,-0.045778411030853235,-0.008530725298477742,0.09905203795724647,0.37070588502280877
10950,2022,0.45025044619002597,-0.32770974662729563,0.011083799914607204,-0.029262808063274214,-0.11023346271819466,0.05783319966491293,-0.054554959274316854,0.16915211676533626,-0.011164799915847477,0.06822936750016713,0.32770974662729563
10950,2023,0.5033622611170487,-0.3583575389539787,0.008032190526886543,-0.06217371015166382,-0.15361020939297987,0.06751212312607702,-0.06199970608483536,0.12507167690010107,-0.03257944780243979,0.0717526631298082,0.3583575389539787
10950,2024,0.5052225067614363,-0.3356526058902996,0.0005848164845592062,-0.05676810400213105,-0.13888852008200053,0.026541904423261695,-0.04601286728718639,0.1507406567327588,-0.026603445059551263,0.07327630907297221,0.3356526058902996
11170,2022,0.5487283735018307,-0.4283863740952249,0.06260148722139126,-0.026301400191598667,-0.07665861116241401,-0.05984185985670162,-0.0530062976627799,0.16020906094308116,-0.06750587025652963,0.034066469277112425,0.4283863740952249
11170,2023,0.5612827717761716,-0.5344701762374119,0.0896930562761698,-0.002712870029211413,-0.021111870754710247,-0.0018853865673158438,-0.024488762253423856,0.1367490526108459,-0.07915430489406178,0.005158372352573894,0.5344701762374119
11170,2024,0.5997763999189726,-0.4951488776160973,0.17239013911479753,-0.019504159969979926,-0.01065895617636394,-0.021317721085446197,-0.0313371907213349,0.1645762429313122,-0.04603142381932125,0.010265165864277271,0.4951488776160973
11210,2022,0.620480111684473,-0.09767020845708464,0.20641735834436564,-0.06319138006251326,-0.06331619486660102,0.26792104208394124,-0.0017037451246948137,-0.0017176336532000072,0.08541788531042986,0.08963726013743016,0.09767020845708464
11210,2023,0.6686664980786559,0.015604295336397511,0.16237848092330492,-0.05363729906320914,-0.003339774157016494,0.19095731963876464,-0.05966664504141396,-0.07024286210352881,0.09564740360638095,0.059149740300636515,-0.015604295336397511
11210,2024,0.6946514137606813,0.10132746170430335,0.20384337915495754,-0.054854323321986406,-0.0011538750347474388,0.17213959240626703,-0.06127106308366411,-0.07132492922812078,0.0943947413805234,0.04222620238973556,-0.10132746170430335
14790,2022,0.5371059252239838,-0.43515938189754055,0.17218285261547314,0.07902485411858341,0.115568503372277,-0.19189743577797258,0.0630803345223941,0.0027496783654056656,0.01502636498239435,0.06842549708622454,0.43515938189754055
14790,2023,0.552524706723988,-0.39730627667467294,0.19761065219673865,0.050251056770016074,0.09252239537067192,-0.20888375078132118,0.06272844511125941,-0.02266255888871336,0.03263856368932989,0.051474976702760265,0.39730627667467294
14790,2024,0.5680857374170449,-0.3785205612484152,0.10606823997787328,0.10114827983950848,0.13915228996137882,-0.1668371011438175,0.0655304763653835,0.039540211804492506,0.03516321973680776,0.06637422037568552,0.3785205612484152
18260,2022,0.5424074192178545,0.03772587206112828,0.05759400672876936,-0.155066050683249,-0.03749518484789457,0.1850540066836323,-0.05264443651340622,0.14781344531986307,-0.11107343108385767,0.060152166539817066,-0.03772587206112828
18260,2023,0.545180390738618,0.060114905382194876,0.04506772586552275,-0.20682027058956778,-0.07363411192436176,0.1429367860004104,-0.01608459781284679,0.10678803239440599,-0.0895848903199625,0.07154770255512719,-0.060114905382194876
18260,2024,0.4230241705101681,0.12629561114581042,0.07075974360764395,-0.12439629666988884,-0.10334283861989521,0.1425301510117375,-0.006233372309009823,0.13678229795470556,-0.04051987127015303,0.017080675475567308,-0.12629561114581042
24110,2022,0.42320130741388173,-0.04034108061264358,-0.31024366411166704,-0.23831664279285594,0.2231483664873299,0.046527547334230895,-0.02901027462597599,-0.13831555275251028,-0.11927129804133225,0.055021257914419655,0.04034108061264358
24110,2023,0.47828384280659747,-0.006947754568278869,-0.4738094326674919,-0.042969435000526926,0.11553210992109086,0.04109503308069421,-0.06984250314221221,-0.08084982307130086,-0.01748121486153981,0.06083779489919145,0.006947754568278869
24110,2024,0.4295596176839764,0.005060563749418932,-0.2868186822576923,-0.2504897978048013,0.22636561326318053,0.04552886664600561,-0.017743707817826505,-0.10991512915300135,-0.048759710193274235,0.07784865179545199,-0.005060563749418932
30200,2022,0.5026593819755418,-0.22277835509416047,-0.22483333169832972,-0.0832233482667454,-0.08634411027353968,0.08574752075171735,0.008895108312968861,-0.032934437401430955,0.163528834826803,-0.185663788685279,0.22277835509416047
30200,2023,0.5485721759921205,-0.16263640637953378,-0.16370290336262192,-0.12114788359063662,-0.10314166196823676,0.07680228628083373,-0.014306552548983826,-0.02529885661265147,0.17456116543214642,-0.18583015244073284,0.16263640637953378
30200,2024,0.5241865550565213,-0.17054090094974325,-0.19343803874055254,-0.09712562983880714,-0.09623270948051417,0.06239745132174248,0.03374477495327894,-0.06847905233268886,0.1415782223008604,-0.2116338046357623,0.17054090094974325
35420,2022,0.6330608094125478,-0.008555774101476645,-0.02068936009598753,-0.28939780287466527,0.00528636868870496,0.05441609079106737,-0.1757622086062902,-0.0271560592220221,0.03925591987526111,-0.051625458538309854,0.008555774101476645
35420,2023,0.637079048309325,-0.004911246992831153,-0.037694950378329345,-0.31648910466777025,0.0786127005542469,0.0384281740472994,-0.09623017334307879,0.004942828140840735,-0.04836092097313782,-0.0651705166075249,0.004911246992831153
35420,2024,0.5823796346032206,0.3792420766554696,0.15269353641492073,-0.21421924445843676,-0.116849133858869,-0.08940651868719499,-0.12716714158042366,0.02101386094229909,-0.010319424856070009,0.025285101306053548,-0.3792420766554696
35720,2022,0.5727921580046706,-0.2149766963545888,0.04117546792476026,-0.22258125163548664,-0.12622350585952377,-0.0002507605590900903,-0.06554078480164297,-0.03529980503488005,0.03972421525689196,-0.06838048922389749,0.2149766963545888
35720,2023,0.585711127190203,0.35787926347887616,0.06506555529092846,-0.20114991830073997,-0.11190685779595842,-0.07282795185872479,-0.06817106663284402,0.10549232611257432,0.11480208275894171,-0.05134357273035542,-0.35787926347887616
35720,2024,0.6647746563988554,-0.029169757886880986,0.07115271422513854,-0.276788119601051,-0.1054964720698584,0.038057229250281856,-0.08691542590343822,0.04572913216109047,0.08224602181860664,-0.03606441307833426,0.029169757886880986
35760,2022,0.40056460633931334,0.17896670774999404,-0.06804349217690857,-0.02877049037939786,-0.006447792605928398,-0.04552990744193853,0.2241067954533141,-0.13565017702416868,-0.06697429563961832,-0.10927058322917414,-0.17896670774999404
35760,2023,0.4062900612134431,0.08615720058374046,-0.21544466913718255,-0.019626640004704383,-0.10642804705210693,-0.09002678507614335,0.16115119005830147,-0.19925003856109794,-0.030801835382481896,-0.09346935293181131,-0.08615720058374046
35760,2024,0.3713515664142602,0.035561501569129475,-0.23545327661443233,0.005722876724766289,-0.1159099990343143,-0.078256289466419,0.18355548646053615,-0.20621113033118416,-0.022599026425346228,-0.08008226683243261,-0.035561501569129475
36570,2022,0.5197019979253626,0.4055813818908453,0.18170685764757577,-0.23109970656503698,-0.17838462432452698,-0.15322675042562742,0.07408832619652608,0.08559645743325914,0.02922959057535635,0.0006828243644189671,-0.4055813818908453
36570,2023,0.5548675786534603,0.3049779794685944,0.11590376900664744,-0.29636057200749016,0.009971253827205637,-0.09849343631090036,-0.044028997959969965,0.12252745844327012,-0.02357494711554948,0.04697065910398839,-0.3049779794685944
36570,2024,0.6073395512464432,0.20081007984848884,0.022283868971598415,-0.2583394790367796,0.10400201385593622,-0.04739753592086132,-0.13594029120178736,0.0727028033652047,0.06926099602367153,0.09846889916394475,-0.20081007984848884
42670,2022,0.7064337837172872,-0.08907020682243522,0.13218613956365466,0.024193647778071915,0.1025651346602489,0.010468476485227165,0.030794823379974596,-0.004595469270238653,0.1553436163246528,-0.02457806899569662,0.08907020682243522
42670,2023,0.685186645280336,-0.057415153849044664,0.23029934603709246,-0.04679773623802498,0.005295067341766893,-0.0728035153691536,0.08807747923656141,-0.00473246766555539,0.18423231283937694,-0.03360829957135593,0.057415153849044664
42670,2024,0.6907725513973663,0.026344569649059218,0.28755854218307497,-0.09570360927961738,-0.03464380071233059,-0.06409194275371471,0.03724736173964192,0.019632830907710647,0.16481975702837312,-0.03981045434025013,-0.026344569649059218
51500,2022,0.49259341583037286,0.18796212804951928,0.06886785697051806,0.027381469515969634,-0.008357924021594671,0.17300612048991493,0.26575344743651846,0.2069863083722198,0.05171811658755668,-0.019070792961558267,-0.18796212804951928
51500,2023,0.4637197318147689,0.1469844410183198,0.04746877827673497,0.03131825323499146,-0.010527528279275163,0.17116255204862996,0.25311717443009824,0.2060002840247431,0.046050101886711096,0.003122311162141262,-0.1469844410183198
51500,2024,0.4683098880560783,0.16003804044506417,0.03321068407619457,-0.04858946290156675,0.00748148583599824,0.15421737310220224,0.21539329588569817,0.17474213762810167,0.03279706767414606,-0.021805378951363568,-0.16003804044506417
51910,2022,0.6263097868599368,-0.17877100968232593,-0.2746821673984664,-0.0105125530105301,-0.28957856973147506,0.11728352134427825,-0.10395246666124933,0.17724688532687022,-0.069806037994467,-0.09207098567107426,0.17877100968232593
51910,2023,0.6871679161940265,-0.18257165265037276,-0.11647895458885069,-0.09835544103837665,-0.2504868972091105,0.05406561783585004,-0.1099807646689364,0.13841975723710087,-0.054464705218333326,-0.02980151197690427,0.18257165265037276
51910,2024,0.6743969678323599,-0.16557629228451598,-0.20059257951793472,-0.07240148795645929,-0.2812850408643261,0.0352713400088078,-0.09327120785300452,0.12230169983034117,-0.03619043015793314,-0.05087507594660261,0.16557629228451598
55550,2022,0.5283543523407804,0.03328774789706891,-0.2494169382571903,-0.268518394080427,0.15746594316524584,-0.0658353914589222,-0.03943645517390494,-0.006955576736277454,0.10218204863682244,-0.05341845054785753,-0.03328774789706891
55550,2023,0.5558843000035774,0.041217206786743225,-0.328884338739578,-0.25580065011931585,0.14513675812299714,-0.05711620057467592,-0.07932828127718336,-0.04850319395875827,0.06381681871025445,-0.052498994308470014,-0.041217206786743225
55550,2024,0.5631898073986524,0.059267294564612875,-0.2802042090205279,-0.27870121352042987,0.1569555221603641,-0.059425489345591505,-0.05386937248972261,-0.03710866621136039,0.06532714328027683,-0.037221901412487594,-0.059267294564612875
57050,2022,0.6566554876360751,0.30046618249310625,0.038599317599186146,-0.2021485110666736,-0.010653418043599608,-0.02830474731551701,0.05225054391920556,-0.009483812514443923,-0.025738329747114538,-0.017483488177492214,-0.30046618249310625
57050,2023,0.7086116843068109,0.18288846894150512,-0.07377754495450167,-0.09745914385407133,0.04243454847704315,-0.006781048079739629,0.05795556214119605,-0.0297316259848561,-0.05403543263605952,0.012133754431572219,-0.18288846894150512
57050,2024,0.7133587201577054,0.15129383870540072,-0.05019855599128509,-0.04646136549214158,0.032480893821838386,0.0041750151637280535,0.087530005516551,-0.029825550699414553,-0.04901286665608437,0.012294032224339087,-0.15129383870540072
64350,2022,0.516638228740116,-0.3635761537582699,0.1162393659938461,0.01574914108965235,0.052304635672701584,0.12501252556141398,0.0682669682474489,0.003416480153623147,0.16044400123533858,0.03374551324742944,0.3635761537582699
64350,2023,0.5116252465400218,-0.35109193012696943,0.07785519773814462,0.002933755298118775,0.018893832561228837,0.16518196350929853,0.10870427065210211,0.003504028456616429,0.16504057755213575,0.03270711986210246,0.35109193012696943
64350,2024,0.5295068989849564,-0.4141321908416896,0.09694068317328726,-0.004577560740133204,0.027951204748512027,0.10034477016243867,0.09894598724599178,0.024136935253286015,0.17492829081393912,0.0008970874366283414,0.4141321908416896
68270,2022,0.3633136935854052,0.11095535833716115,-0.05891921660970029,0.2889598434991115,-0.0518395563486707,-0.007991005444923212,-0.08225718051708443,0.01547047342006476,0.0582553225984959,0.06741700535846551,-0.11095535833716115
68270,2023,0.4582402545222613,0.07506680075721003,-0.37589638182907786,0.26645574089530893,-0.15671983767117184,0.007424365329923318,-0.0970035188370973,0.06814933088930789,0.05420925791002487,-0.07337117532882863,-0.07506680075721003
68270,2024,0.3289644856371239,0.12373784208854184,-0.06856377040718238,0.30922015510599304,-0.017393783303319265,-0.0204417147311414,-0.10405023719827565,0.05905477840943751,0.11832561610833758,0.018097018247315792,-0.12373784208854184
86790,2022,0.41811371599015407,-0.012000974788177896,-0.3076642095657917,-0.1978922115188632,0.14199071812746097,0.026171765132471672,-0.2297069197471112,-0.09046368748317268,0.23508235285939422,-0.11190238505200076,0.012000974788177896
86790,2023,0.40165986509075713,-0.014805657069655342,-0.30654857791929924,-0.18830695183242535,0.12406835311142349,0.019064302168030862,-0.22000583099527046,-0.10237715867256758,0.2523335283300088,-0.1156088809464995,0.014805657069655342
86790,2024,0.4059787466952953,-0.007704286708551527,-0.3047656029566313,-0.21092752094624817,0.15453560371768574,0.02290168341189892,-0.2199278022667023,-0.09908809948411071,0.2518236009103583,-0.11515847416447812,0.007704286708551527
96770,2022,0.6274527643666759,-0.4396985990233298,0.036574561673137496,-0.1063347300643225,-0.05018252685625534,-0.012207468465529128,-0.018749622340706134,0.029129538660731508,-0.016828866470669595,0.05431329261180811,0.4396985990233298
96770,2023,0.6394393495158528,-0.08604039138497528,-0.14887892728205793,-0.15228573256808559,-0.10472510663348637,-0.03736315912757052,-0.03502179255909954,-0.008514189163739267,-0.0020375264152022133,0.010330438040983545,0.08604039138497528
96770,2024,0.5637487093935444,-0.4651766206608682,0.011963946104150967,-0.07931489067875287,-0.09562748239011384,0.09317769178950067,0.00043831701893007655,0.017769610219924868,0.09334909044878353,0.00872067905818068,0.4651766206608682
97950,2022,0.6998952988200015,-0.11334787717830143,-0.2502739223780266,0.011136209796278992,-0.10662074079098277,-0.033115971302318026,0.016452033308284306,-0.08972072773508077,-0.01333566287075476,-0.041818362194636784,0.11334787717830143
97950,2023,0.5918390233808998,-0.38211433964495567,0.10939061761784481,-0.07355384777717894,-0.014965015347518377,-0.07966534666227541,0.06840813314459633,-0.053948715985062685,-0.063583423766626,0.004433790479588973,0.38211433964495567
97950,2024,0.5965794561949328,-0.3069363718824144,0.1091953608320378,-0.10241607449365824,-0.02087778864744683,-0.06839533133745834,0.08465982367380129,-0.011978156444673638,-0.05405262425654759,0.013956695826310877,0.3069363718824144
105560,2022,0.5088058370312388,0.13684486130832454,-0.17443710242454102,-0.22591041390118236,0.17428918860952095,-0.11015577493735822,-0.05599544895150814,-0.052923825865763524,0.12477036895845482,0.03357796695987049,-0.13684486130832454
105560,2023,0.45347964180515654,0.128136525019625,-0.15653525384280292,-0.29134806773709065,0.23210239145649592,-0.08971228506059357,-0.049965495929723235,-0.026136359304380824,0.16883823801409192,0.03498307130549015,-0.128136525019625
105560,2024,0.4522581454201818,-0.05010272750901188,-0.2556847217276617,-0.2191070018330018,0.1429853555035801,0.0011625753115328493,-0.02598338107162613,-0.0854463363994809,0.09142538016885635,-0.058189029621860094,0.05010272750901188
138930,2022,0.3685814714009448,0.1663519759860196,-0.26458998014787555,-0.3721281152025596,0.4569011106860591,-0.0392623628671328,0.1774793772590545,0.11573121806687674,-0.07229244512382353,0.017565618355501057,-0.1663519759860196
138930,2023,0.4407626340487099,0.06159724715451933,-0.2756316881721626,-0.34553395293520994,0.4275039913763839,0.01760088307123947,0.1316185642387253,0.07162379553351239,-0.08944345349143053,0.011374377018766828,-0.06159724715451933
138930,2024,0.3904474316008966,0.12867459033398645,-0.2615476031130264,-0.3106003693732924,0.4278863526947226,0.01567994486698138,0.18748869322166992,0.0987001654620665,-0.13613175530685986,0.04452878676878107,-0.12867459033398645
282330,2022,0.5772857395767265,0.32368932557601793,0.011875767078876042,-0.18862293363519927,-0.11400172869910136,-0.09609130341457596,0.03648444345518206,-0.1081098820287857,0.07327632099051695,-0.002749696051743338,-0.32368932557601793
282330,2023,0.5543172574647065,0.3183283476907416,-0.015181550357434808,-0.19667662312823606,-0.11781070635764444,-0.0914727782147936,0.03808709854242465,-0.11801410364292035,0.07954297435290197,0.02147364538578114,-0.3183283476907416
282330,2024,0.5825262484965509,0.293746211405992,-0.0049841063830696666,-0.21153479211356363,-0.10014468337374202,-0.08406965160403135,0.05660699815058345,-0.11216165274040096,0.06711654732054449,-0.005483350826251906,-0.293746211405992
316140,2022,0.4598880308634117,-0.06457773633021796,-0.3301494614261712,-0.24745552005810045,0.1540867871499585,-0.03270437633786465,0.02976126398933439,-0.1058280054588899,0.034748168678796876,-0.04583009589168183,0.06457773633021796
316140,2023,0.40782941339960177,0.01497779326362371,-0.31068444594212935,-0.12600739320425822,0.04023853023262455,0.03224708843514561,0.028441199980084205,-0.09363934548342313,0.13685870957987845,-0.047333805159596135,-0.01497779326362371
